person_id,race,gender,skin_color,age_group,clothing_style,height,voice_pitch,age_years,has_glasses,has_hat,is_smiling,movement_speed,body_language
P_000000,Hispanic,Non-binary,Light,Young Adult,Alternative,Short,Low,79,False,False,True,Fast,Tense
P_000001,Middle Eastern,Female,Medium,Teen,Traditional,Short,High,62,False,False,True,Fast,Confident
P_000002,Black,Non-binary,Light,Young Adult,Traditional,Tall,High,7,False,False,True,Normal,Nervous
P_000003,White,Female,Dark,Teen,Casual,Average,High,6,False,False,True,Slow,Nervous
P_000004,Asian,Female,Dark,Middle-aged,Formal,Average,Medium,58,False,True,False,Normal,Nervous
P_000005,Black,Female,Dark,Middle-aged,Casual,Average,High,57,False,False,False,Slow,Relaxed
P_000006,Middle Eastern,Male,Dark,Child,Casual,Tall,High,5,True,True,False,Slow,Nervous
P_000007,Asian,Non-binary,Medium,Senior,Formal,Tall,Medium,45,False,False,True,Slow,Nervous
P_000008,Native American,Non-binary,Light,Middle-aged,Athletic,Tall,High,51,False,False,True,Fast,Tense
P_000009,Asian,Non-binary,Medium,Teen,Formal,Short,Low,67,False,False,True,Normal,Relaxed
P_000010,Middle Eastern,Non-binary,Dark,Senior,Traditional,Short,Low,63,False,False,False,Normal,Relaxed
P_000011,Middle Eastern,Female,Medium,Young Adult,Formal,Tall,High,66,True,False,True,Slow,Relaxed
P_000012,Asian,Non-binary,Light,Child,Alternative,Short,Low,48,True,True,True,Slow,Nervous
P_000013,White,Female,Light,Middle-aged,Traditional,Average,Low,6,False,True,False,Fast,Relaxed
P_000014,Black,Female,Dark,Senior,Casual,Short,Low,6,False,False,True,Fast,Nervous
P_000015,Asian,Male,Medium,Senior,Traditional,Average,Medium,15,False,False,True,Fast,Tense
P_000016,Middle Eastern,Non-binary,Dark,Middle-aged,Athletic,Average,Low,23,False,True,False,Fast,Tense
P_000017,White,Male,Light,Child,Formal,Tall,Low,46,True,False,False,Slow,Nervous
P_000018,Hispanic,Female,Light,Child,Traditional,Short,High,36,False,False,True,Fast,Nervous
P_000019,Native American,Non-binary,Light,Child,Traditional,Average,Medium,29,True,True,True,Normal,Confident
P_000020,Middle Eastern,Male,Light,Middle-aged,Casual,Average,High,52,False,False,False,Slow,Nervous
P_000021,White,Non-binary,Light,Young Adult,Alternative,Tall,Medium,12,False,False,True,Fast,Nervous
P_000022,White,Male,Light,Young Adult,Traditional,Tall,High,21,False,False,True,Normal,Confident
P_000023,Hispanic,Male,Light,Senior,Casual,Average,High,64,False,False,True,Fast,Relaxed
P_000024,Asian,Male,Medium,Teen,Formal,Tall,Medium,28,True,False,True,Fast,Confident
P_000025,Black,Male,Dark,Child,Casual,Tall,Medium,52,False,False,True,Normal,Relaxed
P_000026,Middle Eastern,Non-binary,Medium,Child,Traditional,Short,High,12,False,False,False,Fast,Confident
P_000027,Hispanic,Female,Medium,Young Adult,Casual,Average,Low,66,True,False,True,Normal,Tense
P_000028,Native American,Male,Dark,Child,Alternative,Short,Low,72,False,True,True,Fast,Confident
P_000029,Hispanic,Female,Light,Middle-aged,Formal,Average,Low,21,False,False,False,Normal,Relaxed
P_000030,Black,Non-binary,Dark,Child,Traditional,Short,High,62,False,False,True,Normal,Nervous
P_000031,White,Male,Light,Child,Alternative,Tall,Low,73,False,False,True,Fast,Relaxed
P_000032,Native American,Male,Light,Middle-aged,Alternative,Tall,High,66,False,False,True,Slow,Confident
P_000033,Hispanic,Female,Light,Senior,Formal,Average,Medium,73,False,False,True,Fast,Tense
P_000034,White,Male,Light,Middle-aged,Formal,Short,Low,28,False,False,True,Slow,Confident
P_000035,Asian,Non-binary,Dark,Child,Casual,Average,Low,48,True,False,True,Slow,Confident
P_000036,Black,Male,Dark,Teen,Alternative,Average,Medium,38,True,False,False,Normal,Relaxed
P_000037,Asian,Male,Dark,Senior,Alternative,Short,Medium,77,False,False,False,Normal,Relaxed
P_000038,Native American,Male,Light,Senior,Casual,Tall,High,34,False,False,False,Normal,Relaxed
P_000039,Asian,Male,Light,Child,Athletic,Short,Low,32,False,False,True,Fast,Nervous
P_000040,Middle Eastern,Non-binary,Light,Middle-aged,Casual,Tall,High,57,False,False,True,Normal,Tense
P_000041,Native American,Female,Dark,Senior,Athletic,Tall,High,79,True,True,False,Slow,Relaxed
P_000042,Native American,Female,Dark,Senior,Formal,Short,Medium,31,False,True,True,Fast,Nervous
P_000043,Middle Eastern,Female,Light,Middle-aged,Casual,Tall,Low,49,False,False,True,Slow,Nervous
P_000044,Native American,Non-binary,Dark,Teen,Formal,Tall,Low,71,True,False,True,Slow,Confident
P_000045,White,Non-binary,Medium,Senior,Traditional,Average,High,67,False,True,True,Slow,Tense
P_000046,Black,Male,Light,Senior,Alternative,Average,High,79,False,False,False,Slow,Tense
P_000047,White,Non-binary,Light,Child,Alternative,Average,Medium,7,False,True,True,Normal,Nervous
P_000048,Hispanic,Female,Light,Middle-aged,Traditional,Average,Medium,64,False,True,False,Fast,Tense
P_000049,White,Male,Light,Middle-aged,Alternative,Short,High,50,True,False,True,Slow,Confident
P_000050,White,Female,Light,Teen,Athletic,Short,High,37,False,False,False,Fast,Relaxed
P_000051,Black,Female,Dark,Young Adult,Athletic,Short,High,37,False,False,True,Fast,Tense
P_000052,Hispanic,Male,Light,Senior,Athletic,Short,Low,57,False,False,True,Normal,Relaxed
P_000053,Native American,Non-binary,Light,Senior,Alternative,Average,High,36,True,False,True,Normal,Tense
P_000054,Native American,Non-binary,Medium,Young Adult,Formal,Short,Medium,9,True,False,True,Fast,Confident
P_000055,Middle Eastern,Female,Light,Teen,Athletic,Tall,Low,42,False,False,False,Normal,Tense
P_000056,Asian,Female,Light,Middle-aged,Casual,Average,High,34,False,False,False,Normal,Nervous
P_000057,White,Male,Light,Teen,Alternative,Average,High,47,True,True,True,Fast,Nervous
P_000058,Asian,Male,Medium,Young Adult,Athletic,Tall,High,36,True,True,True,Slow,Tense
P_000059,Hispanic,Male,Medium,Senior,Casual,Short,High,16,True,False,True,Slow,Confident
P_000060,White,Non-binary,Light,Child,Athletic,Tall,High,30,False,True,True,Fast,Confident
P_000061,Native American,Female,Medium,Middle-aged,Formal,Short,Medium,18,True,True,False,Fast,Tense
P_000062,Asian,Male,Medium,Teen,Formal,Average,Low,19,True,False,True,Fast,Relaxed
P_000063,White,Female,Light,Middle-aged,Casual,Short,High,29,False,False,True,Fast,Nervous
P_000064,Native American,Non-binary,Medium,Child,Traditional,Tall,Medium,45,False,False,False,Fast,Nervous
P_000065,Asian,Male,Dark,Child,Casual,Short,Medium,25,True,False,True,Fast,Tense
P_000066,Native American,Non-binary,Medium,Child,Athletic,Tall,Low,44,False,False,False,Fast,Nervous
P_000067,Native American,Male,Medium,Young Adult,Casual,Average,Low,79,False,False,False,Normal,Tense
P_000068,Native American,Male,Dark,Middle-aged,Casual,Tall,High,18,True,False,True,Slow,Confident
P_000069,Asian,Female,Light,Teen,Alternative,Tall,Medium,48,True,False,True,Fast,Relaxed
P_000070,White,Non-binary,Medium,Young Adult,Casual,Short,Medium,64,False,True,False,Slow,Tense
P_000071,Hispanic,Non-binary,Dark,Child,Traditional,Short,Low,18,False,False,True,Fast,Confident
P_000072,Native American,Female,Medium,Middle-aged,Casual,Short,Medium,22,False,False,True,Fast,Relaxed
P_000073,Native American,Non-binary,Light,Child,Casual,Short,High,70,False,False,False,Fast,Tense
P_000074,Native American,Non-binary,Dark,Young Adult,Formal,Tall,Low,33,False,False,True,Slow,Tense
P_000075,White,Male,Light,Young Adult,Casual,Average,Medium,70,False,False,True,Normal,Relaxed
P_000076,Hispanic,Non-binary,Light,Senior,Alternative,Short,Low,72,False,False,False,Fast,Nervous
P_000077,Hispanic,Non-binary,Medium,Young Adult,Alternative,Tall,Medium,78,False,False,True,Normal,Tense
P_000078,Asian,Male,Medium,Teen,Casual,Short,Low,64,False,True,False,Slow,Nervous
P_000079,Middle Eastern,Female,Dark,Child,Traditional,Tall,Medium,13,False,False,False,Normal,Confident
P_000080,White,Male,Light,Teen,Traditional,Average,Low,61,False,False,True,Fast,Relaxed
P_000081,White,Female,Medium,Middle-aged,Casual,Short,Medium,45,True,False,False,Normal,Tense
P_000082,Black,Non-binary,Dark,Child,Athletic,Tall,Low,55,True,False,True,Slow,Nervous
P_000083,White,Non-binary,Light,Young Adult,Formal,Average,High,53,True,False,True,Normal,Tense
P_000084,Hispanic,Male,Dark,Child,Casual,Short,Medium,55,True,False,True,Slow,Relaxed
P_000085,Middle Eastern,Female,Light,Young Adult,Formal,Short,Medium,51,False,False,True,Normal,Tense
P_000086,Asian,Male,Medium,Senior,Athletic,Average,Medium,38,False,True,True,Normal,Confident
P_000087,Middle Eastern,Male,Light,Young Adult,Athletic,Tall,High,76,True,False,True,Slow,Nervous
P_000088,Black,Female,Dark,Young Adult,Traditional,Short,Medium,18,True,False,True,Fast,Relaxed
P_000089,Middle Eastern,Male,Dark,Young Adult,Traditional,Short,Medium,6,False,False,True,Fast,Tense
P_000090,Asian,Male,Medium,Senior,Casual,Average,High,48,True,False,False,Slow,Tense
P_000091,Native American,Female,Dark,Child,Formal,Tall,High,18,False,False,True,Slow,Tense
P_000092,Native American,Female,Dark,Middle-aged,Formal,Average,High,41,True,False,True,Slow,Tense
P_000093,Black,Male,Dark,Teen,Traditional,Tall,High,31,False,False,True,Slow,Relaxed
P_000094,Middle Eastern,Female,Dark,Senior,Casual,Average,High,66,False,True,True,Fast,Relaxed
P_000095,Asian,Non-binary,Light,Teen,Alternative,Short,Low,44,False,False,False,Fast,Tense
P_000096,Black,Female,Dark,Senior,Casual,Average,Low,24,True,False,False,Fast,Relaxed
P_000097,Asian,Female,Medium,Teen,Alternative,Short,High,44,False,False,False,Normal,Relaxed
P_000098,Asian,Male,Dark,Middle-aged,Traditional,Tall,Medium,16,False,True,False,Slow,Relaxed
P_000099,Black,Male,Dark,Middle-aged,Athletic,Tall,High,74,False,False,False,Fast,Tense
P_000100,White,Non-binary,Medium,Teen,Casual,Tall,Medium,11,True,False,True,Normal,Confident
P_000101,Middle Eastern,Non-binary,Medium,Middle-aged,Athletic,Average,Low,21,False,False,True,Slow,Tense
P_000102,Asian,Female,Medium,Middle-aged,Casual,Short,Medium,29,False,False,True,Normal,Tense
P_000103,Asian,Female,Dark,Young Adult,Alternative,Short,Medium,36,False,True,True,Slow,Tense
P_000104,White,Male,Light,Middle-aged,Casual,Tall,High,14,True,False,True,Slow,Tense
P_000105,White,Female,Light,Teen,Traditional,Average,Medium,41,True,True,False,Slow,Confident
P_000106,White,Non-binary,Light,Teen,Alternative,Short,High,47,False,False,False,Fast,Tense
P_000107,Middle Eastern,Male,Medium,Middle-aged,Traditional,Tall,High,67,True,False,True,Fast,Tense
P_000108,White,Male,Light,Teen,Athletic,Average,High,9,False,False,True,Normal,Relaxed
P_000109,Middle Eastern,Female,Dark,Young Adult,Formal,Average,Medium,21,True,False,True,Slow,Confident
P_000110,White,Female,Light,Senior,Formal,Tall,High,60,True,True,False,Slow,Tense
P_000111,Hispanic,Male,Medium,Child,Alternative,Tall,Low,42,True,False,True,Normal,Relaxed
P_000112,Hispanic,Male,Light,Senior,Casual,Average,High,66,False,False,True,Normal,Nervous
P_000113,Asian,Male,Dark,Young Adult,Traditional,Short,Low,63,True,False,True,Slow,Tense
P_000114,Hispanic,Non-binary,Dark,Middle-aged,Alternative,Tall,High,62,False,False,True,Fast,Relaxed
P_000115,Native American,Non-binary,Dark,Teen,Traditional,Average,Medium,16,True,False,False,Slow,Relaxed
P_000116,White,Female,Light,Middle-aged,Alternative,Tall,Medium,34,True,False,False,Fast,Tense
P_000117,Middle Eastern,Female,Light,Middle-aged,Traditional,Average,Low,68,False,True,True,Slow,Tense
P_000118,Black,Female,Medium,Teen,Alternative,Tall,Low,56,False,True,True,Normal,Confident
P_000119,Asian,Non-binary,Medium,Teen,Formal,Average,Medium,33,False,True,False,Fast,Confident
P_000120,Middle Eastern,Non-binary,Light,Middle-aged,Formal,Tall,Medium,26,True,False,False,Slow,Relaxed
P_000121,Middle Eastern,Female,Dark,Young Adult,Casual,Short,Low,5,False,False,False,Fast,Nervous
P_000122,White,Female,Light,Middle-aged,Athletic,Average,High,21,True,True,True,Normal,Nervous
P_000123,Asian,Male,Medium,Middle-aged,Formal,Tall,Medium,19,False,True,True,Slow,Tense
P_000124,White,Female,Light,Senior,Alternative,Average,Low,68,False,True,True,Normal,Tense
P_000125,Native American,Male,Dark,Child,Casual,Average,High,12,False,False,True,Slow,Tense
P_000126,Native American,Male,Medium,Teen,Formal,Short,Medium,37,False,True,False,Normal,Tense
P_000127,Black,Female,Dark,Teen,Formal,Tall,Medium,48,True,False,False,Normal,Relaxed
P_000128,Native American,Non-binary,Light,Child,Formal,Average,Medium,66,False,False,False,Normal,Tense
P_000129,Native American,Non-binary,Medium,Young Adult,Casual,Average,Medium,79,False,False,False,Slow,Relaxed
P_000130,Asian,Non-binary,Medium,Middle-aged,Alternative,Short,Low,57,False,False,True,Normal,Confident
P_000131,Native American,Male,Light,Young Adult,Athletic,Average,Low,39,True,False,True,Fast,Nervous
P_000132,White,Non-binary,Medium,Teen,Alternative,Short,Medium,24,False,False,True,Slow,Nervous
P_000133,Black,Female,Dark,Teen,Traditional,Average,Low,46,False,False,True,Fast,Relaxed
P_000134,Black,Non-binary,Dark,Child,Athletic,Average,Medium,46,True,False,True,Slow,Tense
P_000135,Middle Eastern,Female,Light,Middle-aged,Alternative,Tall,Medium,6,True,False,True,Normal,Confident
P_000136,Middle Eastern,Non-binary,Light,Child,Traditional,Short,Low,51,True,False,True,Normal,Relaxed
P_000137,Black,Male,Dark,Child,Alternative,Tall,High,61,True,True,True,Slow,Confident
P_000138,Middle Eastern,Male,Light,Child,Traditional,Tall,Low,10,True,True,True,Normal,Relaxed
P_000139,Middle Eastern,Male,Medium,Child,Athletic,Average,High,63,False,False,True,Normal,Nervous
P_000140,Middle Eastern,Non-binary,Medium,Young Adult,Formal,Short,Medium,33,False,False,True,Normal,Confident
P_000141,Hispanic,Non-binary,Medium,Senior,Traditional,Average,Medium,12,False,True,False,Normal,Relaxed
P_000142,Native American,Female,Dark,Child,Formal,Tall,Medium,34,False,False,False,Slow,Nervous
P_000143,Asian,Female,Dark,Middle-aged,Casual,Short,Low,35,False,False,False,Normal,Tense
P_000144,Hispanic,Female,Medium,Child,Casual,Short,High,52,False,True,True,Fast,Nervous
P_000145,Black,Female,Dark,Middle-aged,Athletic,Average,Medium,17,False,False,False,Normal,Tense
P_000146,White,Male,Light,Middle-aged,Formal,Tall,Low,25,False,False,True,Slow,Confident
P_000147,Hispanic,Female,Medium,Young Adult,Athletic,Average,Medium,78,False,False,True,Normal,Tense
P_000148,Hispanic,Male,Light,Teen,Casual,Short,Medium,52,False,False,False,Fast,Tense
P_000149,Native American,Non-binary,Medium,Young Adult,Alternative,Short,Low,51,True,False,False,Fast,Confident
P_000150,Hispanic,Male,Light,Young Adult,Formal,Average,High,72,True,False,True,Fast,Nervous
P_000151,Asian,Female,Medium,Middle-aged,Formal,Average,High,8,False,False,True,Normal,Confident
P_000152,Middle Eastern,Non-binary,Dark,Child,Formal,Short,Medium,60,False,False,False,Slow,Nervous
P_000153,Middle Eastern,Non-binary,Medium,Young Adult,Alternative,Tall,Medium,25,False,False,True,Normal,Nervous
P_000154,Black,Female,Dark,Child,Formal,Tall,High,72,True,False,True,Normal,Relaxed
P_000155,Black,Female,Dark,Child,Formal,Short,Low,53,False,False,True,Slow,Tense
P_000156,Middle Eastern,Non-binary,Dark,Middle-aged,Athletic,Average,High,61,False,False,True,Slow,Tense
P_000157,Asian,Male,Medium,Child,Casual,Tall,Low,28,True,True,False,Normal,Nervous
P_000158,Middle Eastern,Male,Medium,Child,Traditional,Tall,High,12,False,False,False,Slow,Relaxed
P_000159,Hispanic,Male,Medium,Middle-aged,Athletic,Short,Medium,76,False,False,True,Fast,Tense
P_000160,Native American,Non-binary,Medium,Middle-aged,Formal,Average,High,39,False,False,True,Normal,Nervous
P_000161,Middle Eastern,Male,Light,Child,Formal,Average,Medium,59,False,False,False,Fast,Nervous
P_000162,Native American,Non-binary,Light,Middle-aged,Athletic,Average,High,69,False,False,False,Normal,Nervous
P_000163,White,Female,Light,Middle-aged,Formal,Short,Medium,40,False,False,True,Slow,Tense
P_000164,Asian,Male,Medium,Young Adult,Athletic,Average,Low,30,False,False,False,Fast,Confident
P_000165,Native American,Female,Light,Middle-aged,Casual,Average,Medium,49,False,False,False,Normal,Confident
P_000166,Hispanic,Male,Medium,Senior,Athletic,Average,Low,6,True,False,True,Normal,Relaxed
P_000167,Black,Female,Medium,Child,Traditional,Tall,Medium,69,False,False,True,Fast,Confident
P_000168,White,Male,Medium,Senior,Formal,Short,Medium,72,True,False,True,Slow,Confident
P_000169,Native American,Male,Medium,Middle-aged,Alternative,Tall,Medium,6,False,True,True,Fast,Tense
P_000170,Black,Female,Medium,Young Adult,Formal,Short,Low,60,True,False,True,Slow,Relaxed
P_000171,Hispanic,Female,Medium,Young Adult,Traditional,Short,Low,44,False,False,True,Normal,Confident
P_000172,Black,Non-binary,Medium,Senior,Athletic,Tall,Low,18,True,False,False,Fast,Tense
P_000173,Native American,Male,Dark,Senior,Formal,Tall,Medium,43,False,False,False,Slow,Relaxed
P_000174,Middle Eastern,Male,Medium,Senior,Traditional,Short,Low,64,False,False,True,Slow,Tense
P_000175,Native American,Female,Medium,Young Adult,Casual,Short,High,42,False,False,True,Slow,Nervous
P_000176,White,Female,Medium,Middle-aged,Alternative,Short,Medium,62,True,False,False,Fast,Tense
P_000177,Asian,Male,Medium,Child,Traditional,Tall,High,73,False,False,False,Slow,Nervous
P_000178,White,Male,Medium,Senior,Athletic,Tall,High,9,False,False,True,Fast,Nervous
P_000179,Asian,Non-binary,Medium,Young Adult,Formal,Short,High,12,True,True,True,Slow,Confident
P_000180,White,Non-binary,Dark,Teen,Athletic,Short,Medium,72,False,False,True,Normal,Confident
P_000181,Black,Non-binary,Dark,Teen,Alternative,Short,Low,20,False,False,True,Fast,Relaxed
P_000182,Black,Male,Medium,Young Adult,Traditional,Average,High,26,True,False,False,Fast,Tense
P_000183,White,Non-binary,Light,Teen,Casual,Short,Low,22,False,False,False,Normal,Nervous
P_000184,Native American,Non-binary,Dark,Middle-aged,Athletic,Average,Medium,26,False,False,True,Slow,Confident
P_000185,Hispanic,Female,Dark,Young Adult,Traditional,Short,Medium,47,False,False,False,Normal,Confident
P_000186,Middle Eastern,Non-binary,Medium,Middle-aged,Casual,Short,Low,12,False,True,True,Slow,Confident
P_000187,White,Non-binary,Light,Teen,Formal,Tall,High,14,False,False,False,Normal,Relaxed
P_000188,Middle Eastern,Female,Light,Teen,Formal,Average,Medium,16,False,False,False,Slow,Nervous
P_000189,Asian,Non-binary,Medium,Young Adult,Alternative,Average,Low,8,False,False,True,Slow,Tense
P_000190,Middle Eastern,Non-binary,Medium,Senior,Formal,Average,Medium,8,True,False,True,Fast,Nervous
P_000191,Middle Eastern,Non-binary,Medium,Senior,Formal,Tall,Medium,28,False,False,True,Fast,Relaxed
P_000192,Native American,Female,Dark,Senior,Traditional,Average,Medium,35,False,False,True,Normal,Confident
P_000193,White,Female,Light,Middle-aged,Casual,Tall,Low,51,False,False,False,Slow,Tense
P_000194,Hispanic,Non-binary,Dark,Middle-aged,Athletic,Tall,High,20,True,False,False,Fast,Relaxed
P_000195,Asian,Female,Light,Senior,Casual,Tall,High,55,False,False,True,Fast,Relaxed
P_000196,Middle Eastern,Male,Light,Senior,Formal,Short,Medium,8,True,False,False,Slow,Nervous
P_000197,Native American,Female,Light,Middle-aged,Traditional,Short,Low,28,False,True,True,Normal,Tense
P_000198,Native American,Non-binary,Dark,Middle-aged,Formal,Average,Low,74,True,False,True,Normal,Tense
P_000199,Asian,Female,Medium,Child,Athletic,Tall,Medium,19,True,False,False,Fast,Nervous
P_000200,Middle Eastern,Female,Medium,Middle-aged,Casual,Short,Medium,25,True,False,True,Slow,Confident
P_000201,Asian,Male,Dark,Senior,Casual,Short,Medium,72,False,True,False,Slow,Relaxed
P_000202,Middle Eastern,Female,Light,Middle-aged,Formal,Tall,High,43,False,False,True,Normal,Tense
P_000203,White,Male,Light,Teen,Casual,Average,Medium,20,False,False,True,Fast,Nervous
P_000204,Native American,Female,Dark,Young Adult,Athletic,Tall,High,68,False,False,True,Normal,Nervous
P_000205,Native American,Male,Dark,Middle-aged,Traditional,Average,Low,44,False,False,True,Slow,Nervous
P_000206,Native American,Male,Dark,Teen,Traditional,Tall,Medium,43,False,False,True,Fast,Relaxed
P_000207,Asian,Female,Medium,Middle-aged,Traditional,Short,High,76,False,False,False,Normal,Tense
P_000208,Hispanic,Female,Medium,Young Adult,Alternative,Tall,Low,44,False,False,True,Slow,Nervous
P_000209,Hispanic,Male,Dark,Middle-aged,Athletic,Short,Low,50,False,False,True,Slow,Relaxed
P_000210,Native American,Female,Light,Middle-aged,Traditional,Average,Medium,63,True,True,True,Slow,Nervous
P_000211,White,Female,Medium,Senior,Athletic,Short,High,13,False,False,False,Slow,Confident
P_000212,Black,Male,Dark,Senior,Formal,Average,Low,34,True,False,False,Normal,Relaxed
P_000213,Middle Eastern,Female,Dark,Child,Athletic,Tall,Medium,62,False,False,True,Slow,Relaxed
P_000214,Hispanic,Female,Dark,Young Adult,Athletic,Short,High,20,True,False,True,Fast,Confident
P_000215,Native American,Male,Light,Young Adult,Traditional,Average,High,51,False,False,True,Slow,Relaxed
P_000216,Native American,Male,Medium,Child,Athletic,Short,Low,10,False,False,True,Normal,Tense
P_000217,Native American,Female,Light,Young Adult,Athletic,Average,Low,29,False,True,False,Normal,Nervous
P_000218,White,Non-binary,Light,Young Adult,Formal,Tall,High,32,True,False,False,Fast,Nervous
P_000219,White,Non-binary,Light,Middle-aged,Alternative,Short,High,34,True,False,True,Normal,Confident
P_000220,Middle Eastern,Male,Dark,Young Adult,Casual,Tall,Medium,45,False,False,True,Normal,Relaxed
P_000221,Native American,Non-binary,Dark,Teen,Alternative,Tall,High,73,True,False,True,Slow,Relaxed
P_000222,White,Non-binary,Medium,Child,Formal,Short,High,51,True,False,True,Fast,Relaxed
P_000223,Asian,Male,Dark,Senior,Athletic,Average,High,33,False,False,True,Normal,Nervous
P_000224,Middle Eastern,Female,Dark,Middle-aged,Formal,Average,Low,59,False,False,True,Normal,Relaxed
P_000225,Black,Female,Dark,Teen,Athletic,Tall,Medium,69,False,False,False,Normal,Confident
P_000226,Middle Eastern,Male,Light,Senior,Casual,Average,High,66,False,False,True,Fast,Relaxed
P_000227,Middle Eastern,Female,Light,Teen,Athletic,Average,Medium,13,False,False,False,Slow,Confident
P_000228,Asian,Male,Medium,Senior,Athletic,Average,Low,15,True,False,True,Fast,Nervous
P_000229,Middle Eastern,Male,Light,Middle-aged,Alternative,Short,High,73,True,False,True,Slow,Confident
P_000230,White,Female,Light,Teen,Formal,Average,High,40,False,True,True,Slow,Relaxed
P_000231,Hispanic,Non-binary,Medium,Child,Formal,Tall,High,78,False,False,True,Normal,Confident
P_000232,Native American,Male,Light,Middle-aged,Athletic,Average,Low,6,False,False,False,Normal,Relaxed
P_000233,White,Non-binary,Light,Young Adult,Casual,Tall,High,66,False,False,False,Slow,Tense
P_000234,Hispanic,Female,Light,Young Adult,Formal,Tall,High,77,False,False,True,Normal,Nervous
P_000235,Asian,Non-binary,Medium,Child,Athletic,Average,Low,61,True,False,True,Normal,Nervous
P_000236,Hispanic,Non-binary,Light,Middle-aged,Alternative,Short,High,51,True,True,False,Fast,Confident
P_000237,Asian,Male,Medium,Child,Alternative,Average,Medium,69,True,True,False,Normal,Nervous
P_000238,Asian,Male,Medium,Middle-aged,Formal,Tall,Medium,68,False,False,True,Slow,Confident
P_000239,Middle Eastern,Female,Medium,Senior,Formal,Short,High,46,False,False,True,Normal,Nervous
P_000240,White,Male,Dark,Young Adult,Traditional,Short,High,26,False,True,True,Normal,Relaxed
P_000241,Native American,Non-binary,Light,Young Adult,Athletic,Average,Medium,36,False,True,True,Fast,Nervous
P_000242,Middle Eastern,Non-binary,Dark,Middle-aged,Athletic,Short,Low,28,False,True,False,Fast,Relaxed
P_000243,White,Female,Medium,Child,Formal,Tall,High,12,True,False,True,Fast,Confident
P_000244,Asian,Non-binary,Dark,Senior,Traditional,Average,High,15,False,True,False,Slow,Tense
P_000245,Black,Male,Dark,Young Adult,Athletic,Average,Medium,59,False,False,True,Fast,Confident
P_000246,Asian,Male,Medium,Young Adult,Formal,Short,Low,57,False,False,False,Fast,Confident
P_000247,Hispanic,Male,Dark,Young Adult,Casual,Short,High,76,True,False,True,Slow,Confident
P_000248,Native American,Non-binary,Light,Teen,Alternative,Average,Low,71,False,True,True,Normal,Relaxed
P_000249,Asian,Male,Medium,Young Adult,Athletic,Average,Medium,75,True,True,True,Slow,Relaxed
P_000250,Middle Eastern,Male,Light,Middle-aged,Casual,Tall,High,40,False,True,True,Normal,Tense
P_000251,Native American,Non-binary,Medium,Young Adult,Athletic,Tall,Medium,64,False,False,True,Fast,Confident
P_000252,Native American,Male,Medium,Teen,Formal,Average,Medium,70,False,False,True,Normal,Confident
P_000253,Asian,Female,Dark,Young Adult,Alternative,Tall,High,43,True,False,False,Slow,Confident
P_000254,Middle Eastern,Male,Dark,Child,Casual,Tall,Low,36,False,False,False,Normal,Tense
P_000255,Black,Male,Dark,Middle-aged,Alternative,Tall,Low,12,True,False,True,Normal,Nervous
P_000256,Black,Male,Dark,Middle-aged,Casual,Tall,High,30,False,False,False,Normal,Nervous
P_000257,White,Male,Light,Senior,Traditional,Tall,High,69,True,False,False,Normal,Confident
P_000258,Asian,Male,Medium,Middle-aged,Athletic,Short,High,62,True,False,False,Slow,Nervous
P_000259,Black,Male,Medium,Senior,Athletic,Short,High,37,True,True,False,Slow,Tense
P_000260,White,Non-binary,Light,Young Adult,Traditional,Short,Medium,21,False,False,True,Slow,Confident
P_000261,Black,Non-binary,Dark,Middle-aged,Casual,Tall,High,17,False,False,False,Slow,Relaxed
P_000262,Native American,Female,Dark,Child,Traditional,Short,Low,49,True,False,False,Normal,Confident
P_000263,Hispanic,Male,Medium,Middle-aged,Casual,Short,Low,17,True,True,True,Fast,Relaxed
P_000264,Black,Male,Light,Teen,Casual,Average,Medium,39,False,False,True,Normal,Nervous
P_000265,Middle Eastern,Male,Dark,Middle-aged,Formal,Average,Medium,69,False,False,False,Normal,Nervous
P_000266,Asian,Female,Medium,Young Adult,Casual,Average,High,10,False,False,True,Fast,Tense
P_000267,Hispanic,Female,Light,Middle-aged,Athletic,Short,High,11,False,False,True,Slow,Confident
P_000268,White,Male,Light,Young Adult,Traditional,Tall,High,33,True,False,False,Fast,Nervous
P_000269,Black,Male,Dark,Senior,Traditional,Average,Low,19,False,False,True,Normal,Nervous
P_000270,Black,Male,Dark,Teen,Athletic,Short,Low,15,False,False,False,Fast,Nervous
P_000271,Asian,Male,Medium,Middle-aged,Traditional,Short,Low,35,False,True,True,Slow,Nervous
P_000272,Hispanic,Non-binary,Light,Child,Formal,Average,Low,19,False,False,False,Normal,Tense
P_000273,Native American,Female,Medium,Teen,Formal,Average,High,7,True,False,True,Fast,Nervous
P_000274,White,Non-binary,Light,Senior,Formal,Tall,Low,32,False,True,False,Fast,Tense
P_000275,Native American,Non-binary,Light,Senior,Casual,Average,Low,59,True,True,True,Fast,Relaxed
P_000276,Asian,Male,Medium,Young Adult,Athletic,Short,Medium,38,False,True,True,Fast,Tense
P_000277,White,Male,Light,Young Adult,Traditional,Average,Medium,48,True,True,True,Normal,Confident
P_000278,Asian,Female,Light,Middle-aged,Formal,Tall,Low,26,False,True,True,Slow,Relaxed
P_000279,Black,Female,Dark,Young Adult,Formal,Tall,High,36,False,False,False,Slow,Tense
P_000280,Asian,Non-binary,Light,Young Adult,Formal,Average,High,22,False,False,True,Normal,Nervous
P_000281,White,Female,Light,Teen,Alternative,Tall,Medium,63,True,True,True,Slow,Tense
P_000282,Black,Male,Dark,Senior,Traditional,Short,Low,60,False,False,False,Fast,Relaxed
P_000283,Hispanic,Non-binary,Dark,Teen,Alternative,Short,Medium,8,False,False,True,Slow,Relaxed
P_000284,White,Non-binary,Light,Middle-aged,Casual,Tall,Medium,19,False,False,True,Fast,Nervous
P_000285,Middle Eastern,Male,Medium,Teen,Traditional,Tall,Medium,61,False,True,True,Slow,Relaxed
P_000286,Native American,Female,Light,Child,Casual,Short,High,64,False,True,False,Fast,Confident
P_000287,Native American,Male,Light,Middle-aged,Athletic,Tall,Medium,51,True,False,False,Fast,Relaxed
P_000288,Middle Eastern,Non-binary,Light,Teen,Formal,Average,Medium,29,True,False,True,Fast,Confident
P_000289,Native American,Female,Dark,Senior,Alternative,Short,Low,35,False,True,True,Normal,Relaxed
P_000290,White,Female,Dark,Child,Casual,Tall,High,25,False,False,False,Fast,Nervous
P_000291,White,Female,Medium,Young Adult,Casual,Tall,Low,43,False,False,True,Slow,Relaxed
P_000292,White,Female,Light,Middle-aged,Traditional,Short,Low,67,False,False,True,Slow,Relaxed
P_000293,Asian,Female,Medium,Child,Athletic,Tall,Low,62,False,False,True,Fast,Relaxed
P_000294,Asian,Male,Medium,Child,Athletic,Short,High,73,False,False,True,Normal,Confident
P_000295,Asian,Non-binary,Medium,Young Adult,Formal,Short,Low,72,False,False,False,Slow,Relaxed
P_000296,Native American,Non-binary,Dark,Teen,Athletic,Tall,Medium,76,True,False,True,Fast,Relaxed
P_000297,Asian,Female,Medium,Child,Alternative,Short,Medium,73,True,False,True,Slow,Confident
P_000298,Native American,Non-binary,Light,Teen,Traditional,Short,High,58,False,True,False,Normal,Relaxed
P_000299,Hispanic,Female,Light,Teen,Casual,Short,Medium,66,False,True,False,Slow,Nervous
P_000300,Native American,Male,Light,Teen,Formal,Short,High,53,False,False,True,Slow,Confident
P_000301,Black,Female,Medium,Teen,Athletic,Tall,Low,33,False,True,True,Fast,Nervous
P_000302,Asian,Female,Medium,Senior,Formal,Average,Low,10,True,False,False,Normal,Relaxed
P_000303,Asian,Female,Medium,Senior,Traditional,Short,Low,30,False,False,True,Fast,Nervous
P_000304,Middle Eastern,Female,Dark,Middle-aged,Formal,Average,High,32,False,False,False,Slow,Nervous
P_000305,Asian,Male,Dark,Senior,Formal,Average,Medium,21,False,False,True,Fast,Relaxed
P_000306,White,Non-binary,Light,Middle-aged,Alternative,Tall,High,31,True,False,False,Slow,Relaxed
P_000307,Black,Male,Dark,Child,Alternative,Tall,Low,56,True,False,True,Slow,Confident
P_000308,Black,Male,Medium,Teen,Athletic,Average,Medium,37,False,True,False,Normal,Tense
P_000309,Native American,Non-binary,Dark,Middle-aged,Athletic,Tall,High,50,False,False,True,Fast,Tense
P_000310,Asian,Male,Medium,Child,Alternative,Average,Low,43,True,False,False,Slow,Tense
P_000311,Asian,Male,Medium,Teen,Athletic,Tall,Medium,44,False,False,False,Normal,Tense
P_000312,Native American,Female,Dark,Child,Alternative,Average,Low,65,False,True,True,Slow,Confident
P_000313,Asian,Female,Medium,Child,Casual,Average,Medium,33,True,True,False,Fast,Confident
P_000314,Middle Eastern,Non-binary,Dark,Young Adult,Traditional,Short,High,72,False,False,True,Slow,Relaxed
P_000315,Middle Eastern,Female,Dark,Middle-aged,Casual,Short,Low,50,False,False,True,Normal,Relaxed
P_000316,Black,Male,Medium,Child,Alternative,Short,High,10,False,False,True,Normal,Relaxed
P_000317,Black,Non-binary,Dark,Young Adult,Casual,Tall,Medium,77,True,False,True,Normal,Nervous
P_000318,Middle Eastern,Non-binary,Light,Senior,Formal,Short,Medium,22,True,False,True,Normal,Confident
P_000319,Black,Female,Dark,Teen,Traditional,Tall,Medium,77,True,False,True,Fast,Tense
P_000320,Asian,Female,Medium,Middle-aged,Athletic,Short,High,51,False,False,False,Fast,Tense
P_000321,White,Female,Light,Young Adult,Alternative,Average,High,38,True,False,False,Slow,Nervous
P_000322,Middle Eastern,Non-binary,Light,Teen,Casual,Tall,High,73,False,False,False,Fast,Relaxed
P_000323,White,Male,Light,Young Adult,Casual,Tall,High,7,False,False,False,Slow,Tense
P_000324,Hispanic,Male,Light,Senior,Casual,Average,High,55,True,False,True,Fast,Tense
P_000325,White,Non-binary,Medium,Young Adult,Alternative,Average,Medium,61,False,False,True,Normal,Tense
P_000326,Hispanic,Male,Dark,Middle-aged,Traditional,Short,High,49,False,False,False,Slow,Confident
P_000327,Black,Non-binary,Dark,Young Adult,Athletic,Tall,Medium,8,False,False,False,Fast,Nervous
P_000328,Asian,Female,Medium,Child,Casual,Tall,Medium,65,True,True,True,Slow,Tense
P_000329,Black,Male,Dark,Teen,Traditional,Short,Low,68,False,False,False,Fast,Nervous
P_000330,Native American,Female,Light,Child,Athletic,Short,Medium,40,False,False,False,Normal,Relaxed
P_000331,Middle Eastern,Female,Dark,Young Adult,Casual,Short,Low,6,False,False,True,Fast,Nervous
P_000332,White,Female,Light,Middle-aged,Athletic,Average,Low,22,False,False,True,Slow,Confident
P_000333,Asian,Female,Dark,Senior,Casual,Average,High,32,False,False,False,Fast,Tense
P_000334,Black,Non-binary,Dark,Middle-aged,Traditional,Average,High,37,False,True,True,Normal,Relaxed
P_000335,Middle Eastern,Non-binary,Dark,Senior,Traditional,Average,Medium,52,False,False,False,Fast,Relaxed
P_000336,Middle Eastern,Female,Medium,Teen,Athletic,Short,Medium,42,True,False,True,Fast,Confident
P_000337,Middle Eastern,Non-binary,Medium,Senior,Athletic,Tall,Low,19,False,False,False,Fast,Confident
P_000338,Middle Eastern,Female,Dark,Young Adult,Traditional,Short,Low,42,True,False,False,Fast,Confident
P_000339,Asian,Non-binary,Light,Senior,Alternative,Short,Medium,29,True,False,False,Normal,Tense
P_000340,Middle Eastern,Male,Dark,Middle-aged,Athletic,Tall,Low,59,False,False,True,Slow,Nervous
P_000341,Black,Male,Dark,Teen,Traditional,Average,High,18,True,False,False,Fast,Tense
P_000342,Black,Non-binary,Medium,Senior,Traditional,Short,Low,45,False,False,True,Normal,Confident
P_000343,White,Male,Light,Middle-aged,Formal,Tall,High,50,True,True,False,Fast,Confident
P_000344,Asian,Female,Medium,Middle-aged,Athletic,Average,Medium,17,True,False,True,Normal,Tense
P_000345,Asian,Non-binary,Medium,Middle-aged,Alternative,Average,Medium,59,False,False,True,Slow,Confident
P_000346,Asian,Non-binary,Medium,Child,Athletic,Tall,High,61,False,False,True,Fast,Relaxed
P_000347,Hispanic,Male,Light,Teen,Alternative,Tall,Medium,15,False,False,True,Fast,Nervous
P_000348,Black,Female,Medium,Middle-aged,Alternative,Tall,High,44,True,True,True,Fast,Tense
P_000349,Middle Eastern,Female,Medium,Middle-aged,Casual,Short,High,40,True,False,True,Normal,Confident
P_000350,Native American,Non-binary,Medium,Young Adult,Traditional,Average,Medium,73,False,False,True,Fast,Nervous
P_000351,Hispanic,Non-binary,Medium,Child,Casual,Tall,Low,61,False,False,True,Normal,Relaxed
P_000352,White,Non-binary,Light,Middle-aged,Casual,Tall,Medium,19,True,True,True,Slow,Nervous
P_000353,Hispanic,Non-binary,Medium,Senior,Formal,Short,High,67,False,False,False,Slow,Confident
P_000354,Black,Non-binary,Medium,Middle-aged,Athletic,Short,Medium,17,False,False,True,Slow,Relaxed
P_000355,Hispanic,Female,Medium,Middle-aged,Traditional,Tall,High,36,True,True,False,Slow,Tense
P_000356,Asian,Male,Medium,Teen,Alternative,Average,Low,76,False,False,True,Normal,Confident
P_000357,Asian,Non-binary,Medium,Senior,Alternative,Average,High,45,True,False,True,Fast,Tense
P_000358,Hispanic,Male,Light,Teen,Formal,Short,High,58,True,False,True,Normal,Nervous
P_000359,Black,Non-binary,Dark,Young Adult,Formal,Tall,Low,17,False,False,False,Fast,Tense
P_000360,Native American,Non-binary,Medium,Child,Alternative,Average,High,17,False,False,True,Slow,Nervous
P_000361,Asian,Male,Medium,Middle-aged,Formal,Tall,High,56,True,False,False,Fast,Relaxed
P_000362,Hispanic,Non-binary,Dark,Teen,Casual,Tall,High,61,True,False,False,Fast,Nervous
P_000363,Black,Non-binary,Dark,Young Adult,Casual,Short,Medium,44,False,False,True,Slow,Relaxed
P_000364,Asian,Male,Medium,Child,Athletic,Tall,Low,53,False,False,True,Fast,Nervous
P_000365,Asian,Non-binary,Medium,Middle-aged,Formal,Average,Low,41,False,False,True,Fast,Nervous
P_000366,Black,Female,Dark,Child,Casual,Tall,Medium,62,True,True,True,Slow,Tense
P_000367,Black,Male,Dark,Middle-aged,Formal,Average,Low,13,True,False,True,Fast,Tense
P_000368,Middle Eastern,Non-binary,Light,Teen,Athletic,Average,Medium,77,False,False,True,Fast,Nervous
P_000369,Middle Eastern,Female,Dark,Young Adult,Casual,Tall,Low,57,True,False,False,Normal,Nervous
P_000370,Hispanic,Non-binary,Dark,Child,Casual,Average,Medium,7,False,False,False,Normal,Relaxed
P_000371,Native American,Male,Light,Middle-aged,Alternative,Tall,Medium,56,False,False,True,Normal,Relaxed
P_000372,Native American,Non-binary,Light,Middle-aged,Traditional,Tall,Medium,25,False,False,False,Fast,Nervous
P_000373,Black,Male,Dark,Young Adult,Alternative,Short,Medium,57,False,True,False,Slow,Relaxed
P_000374,White,Female,Medium,Child,Traditional,Tall,Medium,15,False,True,True,Fast,Nervous
P_000375,Middle Eastern,Female,Light,Middle-aged,Formal,Average,High,62,False,False,True,Slow,Nervous
P_000376,White,Male,Light,Child,Casual,Short,Low,58,False,False,True,Fast,Relaxed
P_000377,Native American,Male,Dark,Child,Formal,Short,High,42,False,False,False,Normal,Tense
P_000378,Middle Eastern,Female,Dark,Senior,Athletic,Short,High,35,False,False,True,Normal,Tense
P_000379,White,Female,Light,Teen,Alternative,Average,Medium,74,False,False,True,Slow,Tense
P_000380,Native American,Non-binary,Light,Middle-aged,Athletic,Tall,Low,39,True,False,True,Normal,Nervous
P_000381,Hispanic,Male,Light,Child,Athletic,Average,High,36,False,False,True,Slow,Nervous
P_000382,Native American,Female,Dark,Middle-aged,Alternative,Average,High,70,False,False,True,Fast,Confident
P_000383,White,Female,Light,Middle-aged,Athletic,Tall,Medium,61,True,True,True,Normal,Relaxed
P_000384,Middle Eastern,Non-binary,Light,Middle-aged,Formal,Tall,Medium,49,False,True,False,Slow,Tense
P_000385,Hispanic,Non-binary,Light,Teen,Formal,Tall,Medium,77,False,False,True,Fast,Confident
P_000386,Asian,Non-binary,Dark,Child,Traditional,Tall,High,45,True,False,False,Fast,Tense
P_000387,White,Non-binary,Light,Young Adult,Alternative,Tall,Medium,7,False,True,True,Normal,Relaxed
P_000388,Asian,Non-binary,Dark,Teen,Athletic,Short,Low,73,False,False,True,Normal,Relaxed
P_000389,White,Female,Medium,Child,Formal,Average,Low,45,True,True,True,Normal,Confident
P_000390,Asian,Male,Light,Senior,Casual,Average,Medium,46,False,False,True,Fast,Tense
P_000391,Asian,Female,Light,Child,Traditional,Tall,Low,52,False,False,True,Normal,Tense
P_000392,Black,Non-binary,Medium,Middle-aged,Traditional,Short,Medium,47,False,False,True,Slow,Nervous
P_000393,Middle Eastern,Female,Medium,Senior,Traditional,Short,Medium,27,True,False,True,Slow,Relaxed
P_000394,Middle Eastern,Non-binary,Dark,Middle-aged,Traditional,Tall,High,25,False,False,True,Slow,Tense
P_000395,Hispanic,Female,Medium,Teen,Alternative,Average,Medium,49,False,False,True,Normal,Relaxed
P_000396,Hispanic,Non-binary,Medium,Middle-aged,Casual,Tall,Low,23,False,False,False,Slow,Nervous
P_000397,Hispanic,Female,Medium,Senior,Traditional,Tall,Medium,79,False,False,True,Normal,Relaxed
P_000398,Black,Non-binary,Dark,Middle-aged,Athletic,Average,Medium,35,False,False,False,Fast,Confident
P_000399,Middle Eastern,Non-binary,Medium,Middle-aged,Formal,Average,Medium,64,False,False,False,Fast,Relaxed
P_000400,Asian,Non-binary,Medium,Senior,Traditional,Tall,Medium,54,True,False,True,Slow,Confident
P_000401,Hispanic,Female,Light,Teen,Formal,Tall,Medium,79,False,False,False,Fast,Tense
P_000402,Asian,Female,Medium,Child,Formal,Average,Medium,42,True,True,True,Normal,Nervous
P_000403,White,Male,Light,Teen,Alternative,Average,High,26,True,False,True,Normal,Nervous
P_000404,Black,Male,Dark,Middle-aged,Formal,Short,Medium,52,True,False,True,Normal,Confident
P_000405,Black,Female,Dark,Teen,Alternative,Tall,High,32,True,True,True,Normal,Tense
P_000406,Middle Eastern,Female,Medium,Teen,Formal,Average,Medium,40,False,False,False,Slow,Nervous
P_000407,White,Male,Light,Middle-aged,Traditional,Average,Medium,71,True,False,True,Slow,Nervous
P_000408,Middle Eastern,Female,Dark,Middle-aged,Casual,Short,Low,18,True,True,False,Slow,Relaxed
P_000409,Native American,Female,Dark,Senior,Alternative,Tall,Low,47,True,False,True,Fast,Tense
P_000410,Native American,Non-binary,Medium,Senior,Athletic,Tall,High,77,False,False,True,Normal,Relaxed
P_000411,Middle Eastern,Male,Dark,Child,Traditional,Tall,Low,43,False,False,True,Normal,Nervous
P_000412,Asian,Non-binary,Dark,Child,Formal,Short,Low,5,False,False,False,Slow,Nervous
P_000413,Asian,Non-binary,Medium,Senior,Athletic,Short,High,43,False,False,False,Slow,Confident
P_000414,Middle Eastern,Male,Light,Middle-aged,Traditional,Tall,High,47,True,True,False,Fast,Tense
P_000415,Asian,Male,Medium,Middle-aged,Athletic,Tall,Low,16,False,True,True,Normal,Confident
P_000416,Asian,Non-binary,Light,Young Adult,Traditional,Average,High,46,True,False,True,Normal,Confident
P_000417,Asian,Male,Dark,Middle-aged,Formal,Average,Medium,16,False,False,True,Slow,Relaxed
P_000418,White,Female,Medium,Child,Traditional,Average,Low,53,False,False,True,Slow,Confident
P_000419,Middle Eastern,Female,Dark,Middle-aged,Athletic,Tall,High,30,False,False,True,Normal,Tense
P_000420,Asian,Male,Medium,Young Adult,Traditional,Short,High,55,True,False,False,Normal,Nervous
P_000421,Black,Non-binary,Medium,Child,Formal,Tall,Medium,45,True,False,True,Normal,Tense
P_000422,Asian,Male,Medium,Middle-aged,Alternative,Average,High,8,True,True,True,Normal,Tense
P_000423,White,Male,Light,Young Adult,Traditional,Average,Low,47,False,False,True,Slow,Nervous
P_000424,Asian,Non-binary,Medium,Middle-aged,Alternative,Short,Low,52,False,False,True,Normal,Tense
P_000425,Native American,Female,Dark,Middle-aged,Traditional,Average,Medium,57,True,False,True,Normal,Confident
P_000426,Black,Female,Medium,Middle-aged,Athletic,Short,Medium,34,False,False,False,Normal,Tense
P_000427,Asian,Female,Medium,Senior,Traditional,Tall,High,37,False,False,False,Fast,Relaxed
P_000428,Hispanic,Female,Medium,Young Adult,Athletic,Average,Medium,41,False,False,True,Fast,Nervous
P_000429,Asian,Male,Medium,Teen,Alternative,Average,Medium,48,False,False,True,Slow,Confident
P_000430,Asian,Female,Dark,Middle-aged,Traditional,Tall,Low,53,False,True,True,Fast,Relaxed
P_000431,Black,Non-binary,Medium,Teen,Athletic,Tall,Medium,19,False,True,True,Normal,Nervous
P_000432,Middle Eastern,Non-binary,Dark,Middle-aged,Alternative,Short,Low,71,False,False,True,Fast,Relaxed
P_000433,Asian,Non-binary,Light,Senior,Athletic,Short,Medium,75,True,True,True,Slow,Relaxed
P_000434,Hispanic,Female,Light,Young Adult,Casual,Short,Medium,16,False,False,False,Normal,Relaxed
P_000435,Hispanic,Non-binary,Light,Young Adult,Alternative,Tall,High,22,False,True,True,Fast,Nervous
P_000436,White,Non-binary,Light,Child,Traditional,Short,Medium,71,False,False,False,Fast,Tense
P_000437,Middle Eastern,Male,Light,Child,Traditional,Average,Medium,70,False,True,True,Fast,Relaxed
P_000438,Black,Non-binary,Dark,Young Adult,Athletic,Tall,Low,57,False,False,False,Slow,Relaxed
P_000439,Asian,Female,Medium,Young Adult,Formal,Tall,Low,37,False,False,False,Slow,Relaxed
P_000440,Black,Non-binary,Dark,Young Adult,Alternative,Average,Low,58,True,False,False,Slow,Tense
P_000441,Hispanic,Non-binary,Dark,Senior,Formal,Short,High,69,False,False,False,Fast,Confident
P_000442,Native American,Non-binary,Light,Teen,Casual,Short,High,27,False,False,True,Fast,Nervous
P_000443,Asian,Female,Medium,Middle-aged,Athletic,Average,Low,13,False,False,True,Slow,Relaxed
P_000444,White,Male,Light,Senior,Traditional,Short,High,70,True,True,True,Slow,Relaxed
P_000445,Native American,Male,Medium,Young Adult,Formal,Tall,Low,28,True,False,True,Slow,Confident
P_000446,Native American,Male,Light,Senior,Casual,Average,Low,20,False,False,True,Normal,Confident
P_000447,White,Non-binary,Light,Child,Formal,Tall,Medium,38,False,False,True,Normal,Nervous
P_000448,White,Non-binary,Light,Teen,Formal,Average,High,22,True,False,False,Fast,Nervous
P_000449,White,Female,Light,Middle-aged,Casual,Tall,Low,56,False,False,False,Fast,Tense
P_000450,Middle Eastern,Female,Light,Senior,Formal,Short,Low,12,False,False,True,Normal,Relaxed
P_000451,Asian,Male,Medium,Teen,Alternative,Short,High,78,False,True,True,Normal,Nervous
P_000452,Hispanic,Non-binary,Dark,Senior,Alternative,Average,Medium,55,False,True,True,Fast,Relaxed
P_000453,Middle Eastern,Male,Medium,Senior,Formal,Tall,Medium,74,False,True,True,Slow,Confident
P_000454,Native American,Non-binary,Dark,Child,Traditional,Tall,High,59,False,True,False,Fast,Tense
P_000455,Asian,Non-binary,Medium,Young Adult,Formal,Tall,Medium,21,False,False,False,Normal,Nervous
P_000456,White,Female,Medium,Senior,Casual,Tall,High,50,False,False,True,Normal,Nervous
P_000457,Asian,Male,Medium,Young Adult,Formal,Short,Medium,60,True,False,False,Normal,Confident
P_000458,White,Male,Dark,Middle-aged,Athletic,Tall,Low,11,False,False,False,Fast,Relaxed
P_000459,Asian,Male,Dark,Child,Formal,Tall,High,63,False,False,False,Fast,Nervous
P_000460,Native American,Female,Dark,Senior,Alternative,Tall,Low,21,False,True,False,Normal,Tense
P_000461,Black,Female,Light,Young Adult,Formal,Tall,Low,7,False,False,True,Slow,Nervous
P_000462,Native American,Male,Light,Child,Formal,Average,Low,75,False,False,True,Normal,Tense
P_000463,Asian,Male,Medium,Senior,Casual,Average,High,65,False,True,False,Normal,Nervous
P_000464,White,Female,Light,Teen,Traditional,Short,Low,10,False,False,True,Fast,Relaxed
P_000465,Middle Eastern,Male,Light,Teen,Casual,Average,High,68,True,False,False,Fast,Tense
P_000466,White,Male,Medium,Child,Casual,Short,Medium,31,False,False,False,Slow,Confident
P_000467,Hispanic,Female,Medium,Teen,Formal,Average,High,17,True,False,False,Fast,Confident
P_000468,Middle Eastern,Male,Medium,Teen,Athletic,Average,Medium,62,True,False,True,Fast,Nervous
P_000469,Native American,Female,Medium,Child,Traditional,Average,High,56,False,False,True,Slow,Confident
P_000470,Hispanic,Non-binary,Medium,Young Adult,Traditional,Tall,Medium,76,False,False,True,Fast,Confident
P_000471,Asian,Male,Medium,Middle-aged,Athletic,Average,Medium,26,False,False,False,Normal,Tense
P_000472,White,Female,Dark,Teen,Casual,Average,Medium,60,True,False,True,Normal,Confident
P_000473,Black,Male,Medium,Senior,Alternative,Short,Low,5,True,False,True,Slow,Tense
P_000474,Black,Male,Dark,Middle-aged,Formal,Tall,High,63,False,True,True,Fast,Tense
P_000475,Native American,Female,Light,Young Adult,Formal,Average,Medium,16,False,False,False,Normal,Confident
P_000476,Middle Eastern,Female,Medium,Young Adult,Formal,Average,High,27,False,False,True,Fast,Tense
P_000477,White,Male,Light,Young Adult,Casual,Short,High,6,False,True,False,Fast,Nervous
P_000478,Native American,Female,Light,Young Adult,Athletic,Tall,High,38,False,False,False,Normal,Nervous
P_000479,Black,Male,Dark,Child,Alternative,Average,Medium,14,True,False,False,Normal,Nervous
P_000480,White,Non-binary,Light,Teen,Athletic,Short,Low,66,False,False,True,Normal,Tense
P_000481,Black,Female,Dark,Senior,Casual,Tall,Medium,67,False,False,False,Fast,Relaxed
P_000482,Native American,Male,Light,Child,Casual,Short,High,6,False,False,False,Slow,Relaxed
P_000483,Middle Eastern,Female,Medium,Teen,Athletic,Short,High,22,False,False,True,Normal,Tense
P_000484,Hispanic,Male,Light,Teen,Casual,Short,Medium,53,True,True,True,Fast,Confident
P_000485,Hispanic,Male,Light,Young Adult,Traditional,Short,Low,23,True,False,False,Normal,Nervous
P_000486,White,Male,Light,Young Adult,Formal,Short,Medium,23,False,False,False,Fast,Confident
P_000487,Asian,Female,Medium,Young Adult,Traditional,Short,Medium,11,False,False,True,Normal,Tense
P_000488,White,Female,Light,Teen,Alternative,Tall,Medium,20,False,False,True,Normal,Tense
P_000489,Native American,Male,Dark,Teen,Casual,Short,Low,71,False,False,False,Normal,Nervous
P_000490,Native American,Female,Light,Middle-aged,Casual,Short,Medium,30,False,False,True,Normal,Relaxed
P_000491,Middle Eastern,Male,Dark,Middle-aged,Formal,Tall,Medium,7,False,False,False,Normal,Nervous
P_000492,Asian,Male,Medium,Senior,Traditional,Average,Medium,16,False,False,True,Fast,Nervous
P_000493,Asian,Non-binary,Medium,Senior,Athletic,Short,Low,63,False,False,False,Slow,Confident
P_000494,Middle Eastern,Male,Light,Young Adult,Alternative,Average,High,30,True,False,True,Normal,Nervous
P_000495,Middle Eastern,Non-binary,Dark,Teen,Traditional,Average,Low,38,True,False,True,Normal,Confident
P_000496,Asian,Non-binary,Medium,Middle-aged,Formal,Short,Medium,8,False,True,True,Normal,Tense
P_000497,Native American,Non-binary,Light,Young Adult,Casual,Tall,High,6,False,False,True,Normal,Relaxed
P_000498,Hispanic,Female,Light,Middle-aged,Alternative,Average,Medium,25,True,True,False,Fast,Confident
P_000499,White,Female,Light,Senior,Traditional,Average,Medium,66,True,False,False,Fast,Tense
P_000500,Middle Eastern,Male,Medium,Child,Casual,Tall,Medium,60,False,False,False,Normal,Confident
P_000501,Black,Female,Dark,Teen,Formal,Short,Low,27,True,True,False,Slow,Confident
P_000502,White,Female,Medium,Child,Alternative,Average,Low,55,False,False,True,Slow,Tense
P_000503,Hispanic,Female,Light,Middle-aged,Casual,Tall,Medium,62,False,False,True,Slow,Nervous
P_000504,Black,Male,Dark,Young Adult,Formal,Tall,Low,58,True,True,True,Slow,Nervous
P_000505,Black,Male,Dark,Teen,Alternative,Tall,High,7,False,False,True,Normal,Confident
P_000506,Hispanic,Male,Medium,Senior,Traditional,Average,Low,11,False,False,True,Normal,Nervous
P_000507,White,Male,Light,Senior,Alternative,Tall,Medium,56,False,True,True,Normal,Nervous
P_000508,Hispanic,Non-binary,Dark,Middle-aged,Alternative,Average,High,8,True,False,True,Slow,Relaxed
P_000509,Middle Eastern,Male,Light,Young Adult,Alternative,Tall,Low,20,False,False,False,Fast,Relaxed
P_000510,Black,Female,Light,Senior,Casual,Short,High,58,False,False,True,Normal,Tense
P_000511,Black,Female,Dark,Senior,Formal,Average,Low,46,False,False,True,Slow,Nervous
P_000512,Middle Eastern,Female,Dark,Young Adult,Casual,Tall,Medium,19,True,False,True,Normal,Nervous
P_000513,Black,Male,Light,Middle-aged,Formal,Short,Low,13,False,True,False,Fast,Relaxed
P_000514,Black,Male,Dark,Child,Alternative,Average,Low,32,True,True,True,Normal,Relaxed
P_000515,Black,Non-binary,Medium,Young Adult,Athletic,Average,Medium,43,True,False,False,Slow,Confident
P_000516,White,Non-binary,Light,Teen,Casual,Tall,Medium,35,False,False,True,Fast,Nervous
P_000517,White,Male,Medium,Senior,Athletic,Average,Medium,40,False,False,False,Normal,Confident
P_000518,Hispanic,Non-binary,Light,Senior,Traditional,Tall,Low,62,False,False,True,Slow,Relaxed
P_000519,White,Male,Light,Young Adult,Alternative,Average,Medium,66,False,False,False,Fast,Relaxed
P_000520,Hispanic,Non-binary,Light,Teen,Formal,Short,Low,14,False,False,True,Normal,Tense
P_000521,Black,Non-binary,Dark,Senior,Casual,Short,Low,34,True,True,False,Slow,Tense
P_000522,Hispanic,Female,Light,Young Adult,Athletic,Average,High,17,False,False,True,Slow,Nervous
P_000523,Black,Non-binary,Medium,Child,Casual,Tall,Medium,25,False,True,False,Normal,Tense
P_000524,White,Male,Dark,Teen,Casual,Short,Low,69,False,False,True,Fast,Relaxed
P_000525,Middle Eastern,Male,Medium,Middle-aged,Traditional,Short,Medium,60,False,False,True,Slow,Relaxed
P_000526,White,Female,Light,Young Adult,Athletic,Tall,Medium,67,False,False,False,Fast,Confident
P_000527,Black,Non-binary,Dark,Child,Alternative,Tall,Medium,75,False,False,True,Normal,Relaxed
P_000528,Middle Eastern,Male,Medium,Child,Traditional,Tall,Medium,73,False,False,False,Slow,Tense
P_000529,Asian,Male,Medium,Child,Traditional,Short,Low,32,False,False,True,Fast,Relaxed
P_000530,Hispanic,Male,Light,Child,Alternative,Short,Medium,51,True,True,True,Normal,Tense
P_000531,Native American,Female,Dark,Young Adult,Casual,Short,Medium,48,False,False,False,Normal,Nervous
P_000532,Native American,Non-binary,Dark,Child,Athletic,Short,Medium,76,False,False,True,Normal,Nervous
P_000533,Hispanic,Female,Light,Young Adult,Traditional,Short,Medium,59,True,False,True,Slow,Confident
P_000534,Hispanic,Male,Medium,Middle-aged,Formal,Average,Medium,16,False,False,True,Normal,Relaxed
P_000535,Hispanic,Female,Dark,Child,Athletic,Tall,Low,38,True,False,False,Normal,Tense
P_000536,Hispanic,Female,Dark,Teen,Alternative,Average,Low,7,True,False,True,Slow,Nervous
P_000537,White,Female,Light,Middle-aged,Formal,Tall,High,56,True,False,False,Fast,Relaxed
P_000538,Asian,Female,Medium,Middle-aged,Athletic,Tall,Low,72,True,True,True,Fast,Nervous
P_000539,Hispanic,Male,Light,Middle-aged,Alternative,Tall,Medium,21,True,False,False,Normal,Relaxed
P_000540,Middle Eastern,Non-binary,Medium,Young Adult,Formal,Average,Low,59,False,False,False,Slow,Nervous
P_000541,Middle Eastern,Male,Light,Senior,Alternative,Short,Medium,61,False,False,True,Fast,Nervous
P_000542,Middle Eastern,Non-binary,Medium,Senior,Formal,Average,Medium,71,True,False,True,Normal,Tense
P_000543,White,Male,Light,Teen,Formal,Short,Low,43,False,False,False,Fast,Tense
P_000544,Native American,Female,Medium,Middle-aged,Casual,Tall,High,76,False,False,True,Fast,Relaxed
P_000545,Black,Male,Dark,Senior,Athletic,Tall,Medium,46,False,False,True,Normal,Tense
P_000546,Asian,Female,Medium,Senior,Casual,Tall,High,57,True,False,False,Normal,Tense
P_000547,Middle Eastern,Female,Dark,Teen,Alternative,Tall,Medium,73,False,False,False,Normal,Nervous
P_000548,Asian,Male,Medium,Senior,Formal,Tall,Low,8,False,False,False,Fast,Relaxed
P_000549,Native American,Non-binary,Medium,Young Adult,Casual,Short,Low,50,True,True,False,Fast,Relaxed
P_000550,Asian,Non-binary,Medium,Child,Casual,Tall,Medium,71,True,True,True,Slow,Nervous
P_000551,Black,Female,Medium,Teen,Traditional,Average,High,35,False,False,True,Slow,Confident
P_000552,Native American,Non-binary,Light,Teen,Alternative,Average,Medium,65,False,False,True,Normal,Nervous
P_000553,Middle Eastern,Non-binary,Medium,Young Adult,Casual,Short,Low,56,False,False,False,Fast,Relaxed
P_000554,Black,Female,Dark,Teen,Formal,Average,Low,50,False,False,True,Fast,Nervous
P_000555,Native American,Non-binary,Light,Senior,Traditional,Average,Medium,35,False,False,True,Normal,Tense
P_000556,Black,Male,Dark,Senior,Casual,Short,Medium,32,True,False,False,Slow,Relaxed
P_000557,White,Male,Light,Teen,Alternative,Tall,High,47,False,False,False,Normal,Confident
P_000558,Black,Non-binary,Dark,Teen,Formal,Short,High,31,False,False,True,Normal,Relaxed
P_000559,Asian,Female,Medium,Senior,Formal,Average,Medium,6,True,False,False,Slow,Relaxed
P_000560,White,Male,Light,Middle-aged,Alternative,Average,High,7,False,True,True,Slow,Tense
P_000561,Middle Eastern,Non-binary,Light,Teen,Athletic,Tall,High,58,False,False,True,Slow,Confident
P_000562,Black,Non-binary,Dark,Senior,Athletic,Short,Medium,79,True,False,True,Fast,Confident
P_000563,Asian,Non-binary,Medium,Child,Formal,Short,High,52,False,False,True,Normal,Relaxed
P_000564,Hispanic,Male,Light,Middle-aged,Athletic,Average,Medium,40,True,True,True,Slow,Relaxed
P_000565,Asian,Non-binary,Medium,Senior,Traditional,Short,High,40,True,False,True,Slow,Tense
P_000566,Native American,Male,Medium,Middle-aged,Traditional,Tall,Low,43,True,True,True,Fast,Confident
P_000567,White,Male,Light,Senior,Formal,Average,Medium,63,False,False,True,Fast,Nervous
P_000568,Black,Non-binary,Medium,Young Adult,Alternative,Average,High,11,True,True,True,Normal,Tense
P_000569,Black,Male,Dark,Senior,Formal,Short,High,37,False,False,True,Slow,Relaxed
P_000570,Black,Non-binary,Dark,Teen,Alternative,Tall,High,8,False,True,False,Fast,Tense
P_000571,Asian,Female,Medium,Teen,Alternative,Average,Medium,62,True,False,False,Normal,Relaxed
P_000572,Hispanic,Female,Dark,Child,Traditional,Short,Medium,9,True,False,False,Slow,Tense
P_000573,Asian,Male,Medium,Young Adult,Formal,Short,High,34,True,False,True,Slow,Confident
P_000574,Middle Eastern,Non-binary,Dark,Child,Formal,Short,Medium,45,False,False,False,Normal,Relaxed
P_000575,Native American,Female,Light,Teen,Traditional,Average,Low,38,False,True,True,Fast,Confident
P_000576,Middle Eastern,Female,Dark,Child,Alternative,Average,Low,64,False,False,True,Normal,Confident
P_000577,Black,Male,Dark,Middle-aged,Traditional,Average,Medium,57,True,False,False,Normal,Nervous
P_000578,Black,Male,Medium,Young Adult,Traditional,Short,Low,9,False,True,False,Fast,Nervous
P_000579,Black,Non-binary,Dark,Teen,Formal,Short,Low,64,False,False,False,Fast,Nervous
P_000580,Black,Male,Medium,Teen,Traditional,Short,High,53,False,False,False,Slow,Confident
P_000581,White,Female,Light,Senior,Formal,Short,Low,37,False,False,True,Slow,Tense
P_000582,Native American,Female,Medium,Teen,Formal,Tall,High,76,False,True,True,Normal,Tense
P_000583,Native American,Female,Medium,Teen,Traditional,Tall,Medium,26,False,False,True,Slow,Relaxed
P_000584,Middle Eastern,Female,Light,Senior,Athletic,Short,Low,56,False,False,False,Normal,Confident
P_000585,Native American,Non-binary,Dark,Teen,Athletic,Average,Low,52,False,False,True,Slow,Nervous
P_000586,Hispanic,Non-binary,Light,Young Adult,Casual,Average,High,5,False,False,False,Slow,Relaxed
P_000587,Black,Non-binary,Light,Middle-aged,Athletic,Tall,Medium,50,False,False,True,Fast,Tense
P_000588,White,Female,Light,Child,Athletic,Average,Low,70,False,False,True,Fast,Tense
P_000589,Native American,Male,Light,Senior,Athletic,Average,Medium,22,False,False,False,Slow,Confident
P_000590,Black,Non-binary,Medium,Middle-aged,Traditional,Short,High,44,False,False,False,Normal,Nervous
P_000591,Native American,Non-binary,Medium,Senior,Casual,Short,Low,73,True,True,True,Slow,Confident
P_000592,Native American,Male,Medium,Young Adult,Traditional,Tall,Low,6,False,True,True,Slow,Relaxed
P_000593,Black,Male,Light,Senior,Alternative,Tall,High,42,False,True,False,Normal,Tense
P_000594,White,Male,Light,Child,Athletic,Short,High,23,False,True,False,Normal,Relaxed
P_000595,Black,Male,Dark,Child,Athletic,Short,Low,73,False,False,True,Normal,Nervous
P_000596,Hispanic,Male,Medium,Senior,Formal,Tall,High,50,False,False,True,Slow,Nervous
P_000597,Black,Female,Light,Senior,Traditional,Tall,Medium,19,True,False,True,Slow,Tense
P_000598,Black,Non-binary,Medium,Middle-aged,Formal,Short,Low,20,False,True,True,Slow,Tense
P_000599,White,Male,Light,Child,Casual,Tall,High,62,False,False,False,Fast,Nervous
P_000600,Middle Eastern,Non-binary,Medium,Child,Formal,Short,High,36,False,False,True,Fast,Nervous
P_000601,Middle Eastern,Male,Medium,Middle-aged,Formal,Average,High,15,False,True,True,Fast,Relaxed
P_000602,Asian,Female,Medium,Middle-aged,Athletic,Short,High,54,False,False,True,Normal,Nervous
P_000603,Asian,Female,Medium,Child,Traditional,Short,High,42,False,False,True,Slow,Relaxed
P_000604,Native American,Female,Light,Senior,Formal,Short,Medium,58,True,False,True,Fast,Confident
P_000605,Middle Eastern,Male,Medium,Middle-aged,Formal,Short,Low,29,False,True,True,Slow,Tense
P_000606,White,Female,Light,Teen,Athletic,Average,High,67,False,False,False,Normal,Confident
P_000607,Asian,Non-binary,Medium,Young Adult,Alternative,Short,Low,33,False,True,True,Fast,Nervous
P_000608,Hispanic,Female,Medium,Young Adult,Formal,Tall,Low,32,False,True,False,Slow,Tense
P_000609,Native American,Female,Medium,Teen,Athletic,Short,Low,15,False,False,True,Normal,Nervous
P_000610,Hispanic,Non-binary,Dark,Child,Alternative,Average,Low,19,True,False,True,Normal,Confident
P_000611,Middle Eastern,Female,Light,Child,Casual,Tall,Low,25,True,True,False,Slow,Confident
P_000612,Black,Female,Dark,Young Adult,Traditional,Short,Medium,6,False,False,True,Normal,Nervous
P_000613,Native American,Male,Medium,Young Adult,Athletic,Average,High,28,True,False,True,Normal,Tense
P_000614,White,Male,Medium,Young Adult,Traditional,Tall,Low,38,False,False,False,Normal,Nervous
P_000615,Asian,Female,Medium,Middle-aged,Formal,Average,High,57,False,False,False,Slow,Tense
P_000616,Native American,Non-binary,Dark,Teen,Casual,Short,Medium,11,False,True,True,Fast,Tense
P_000617,Middle Eastern,Female,Medium,Middle-aged,Formal,Average,High,11,False,True,True,Fast,Tense
P_000618,Black,Non-binary,Dark,Young Adult,Alternative,Tall,Medium,38,False,False,False,Normal,Relaxed
P_000619,Middle Eastern,Male,Medium,Middle-aged,Traditional,Short,Low,43,True,False,True,Fast,Nervous
P_000620,Asian,Male,Light,Young Adult,Casual,Average,Low,34,False,True,True,Normal,Nervous
P_000621,Native American,Non-binary,Medium,Young Adult,Traditional,Short,Low,6,False,True,True,Normal,Nervous
P_000622,Middle Eastern,Male,Medium,Middle-aged,Alternative,Tall,Low,5,False,False,True,Slow,Relaxed
P_000623,Native American,Female,Light,Teen,Casual,Tall,Low,75,False,False,False,Fast,Nervous
P_000624,Native American,Female,Dark,Teen,Athletic,Tall,Low,39,False,False,True,Fast,Nervous
P_000625,Black,Non-binary,Dark,Child,Casual,Tall,Medium,56,False,False,True,Slow,Relaxed
P_000626,Middle Eastern,Female,Light,Senior,Alternative,Average,Medium,17,False,False,True,Normal,Relaxed
P_000627,White,Non-binary,Light,Middle-aged,Formal,Short,High,53,False,False,True,Slow,Tense
P_000628,Native American,Male,Dark,Middle-aged,Alternative,Average,Low,56,False,False,True,Fast,Tense
P_000629,Middle Eastern,Male,Dark,Teen,Alternative,Tall,Low,16,True,True,False,Normal,Nervous
P_000630,Black,Male,Dark,Teen,Alternative,Short,Low,40,False,False,True,Fast,Relaxed
P_000631,Black,Non-binary,Dark,Child,Traditional,Average,High,77,True,False,False,Slow,Relaxed
P_000632,Middle Eastern,Non-binary,Light,Senior,Formal,Tall,Medium,9,True,False,False,Fast,Confident
P_000633,Native American,Female,Dark,Senior,Alternative,Tall,Medium,12,False,False,False,Normal,Nervous
P_000634,Native American,Non-binary,Medium,Middle-aged,Formal,Short,High,68,False,False,False,Slow,Nervous
P_000635,Asian,Female,Medium,Senior,Alternative,Short,Medium,35,False,False,True,Slow,Confident
P_000636,Black,Male,Dark,Teen,Formal,Tall,Low,58,True,False,True,Slow,Nervous
P_000637,Native American,Female,Medium,Young Adult,Formal,Short,High,74,False,False,True,Fast,Relaxed
P_000638,Native American,Female,Medium,Young Adult,Traditional,Tall,Medium,43,True,False,False,Slow,Confident
P_000639,Asian,Female,Medium,Teen,Formal,Short,Medium,66,False,False,True,Slow,Confident
P_000640,Asian,Female,Light,Child,Traditional,Average,High,63,True,False,True,Fast,Confident
P_000641,Native American,Male,Dark,Middle-aged,Formal,Tall,Medium,74,False,False,False,Slow,Relaxed
P_000642,Native American,Non-binary,Light,Young Adult,Formal,Short,Low,68,True,True,True,Normal,Nervous
P_000643,Asian,Male,Medium,Child,Traditional,Short,Medium,75,False,False,False,Slow,Nervous
P_000644,White,Female,Light,Child,Alternative,Average,Low,75,False,True,True,Fast,Nervous
P_000645,Hispanic,Male,Light,Young Adult,Formal,Short,Low,16,True,True,False,Normal,Relaxed
P_000646,Black,Male,Medium,Young Adult,Formal,Tall,Low,33,False,True,True,Slow,Relaxed
P_000647,Hispanic,Non-binary,Dark,Senior,Alternative,Average,High,79,False,True,True,Fast,Confident
P_000648,Native American,Male,Dark,Young Adult,Formal,Tall,Medium,74,False,False,True,Fast,Relaxed
P_000649,White,Male,Light,Young Adult,Formal,Average,Low,69,False,False,True,Normal,Relaxed
P_000650,Native American,Non-binary,Dark,Child,Alternative,Short,Medium,57,False,False,True,Normal,Relaxed
P_000651,Hispanic,Male,Medium,Senior,Alternative,Tall,High,30,False,True,True,Slow,Relaxed
P_000652,Native American,Male,Medium,Middle-aged,Athletic,Short,Low,70,False,True,False,Normal,Relaxed
P_000653,Asian,Male,Medium,Teen,Alternative,Tall,High,28,False,False,True,Fast,Nervous
P_000654,Native American,Non-binary,Light,Child,Casual,Short,High,68,False,False,True,Fast,Nervous
P_000655,Native American,Non-binary,Dark,Young Adult,Formal,Short,High,41,True,True,False,Slow,Relaxed
P_000656,Black,Female,Medium,Senior,Athletic,Average,High,64,False,False,True,Normal,Tense
P_000657,Asian,Non-binary,Dark,Child,Alternative,Average,High,62,True,False,False,Slow,Relaxed
P_000658,Black,Female,Dark,Young Adult,Athletic,Tall,Medium,71,True,False,True,Normal,Tense
P_000659,White,Non-binary,Medium,Teen,Formal,Short,Medium,47,True,False,True,Fast,Relaxed
P_000660,Black,Non-binary,Dark,Teen,Alternative,Short,Low,25,False,False,False,Normal,Relaxed
P_000661,Native American,Male,Medium,Middle-aged,Alternative,Tall,Low,59,False,False,True,Normal,Tense
P_000662,Native American,Male,Medium,Child,Athletic,Tall,Low,47,False,False,True,Normal,Nervous
P_000663,Middle Eastern,Non-binary,Dark,Middle-aged,Formal,Tall,Medium,18,False,False,True,Normal,Nervous
P_000664,Black,Male,Dark,Teen,Formal,Average,High,34,True,True,True,Normal,Tense
P_000665,Native American,Male,Light,Child,Traditional,Short,Low,44,False,False,True,Normal,Nervous
P_000666,Black,Male,Dark,Young Adult,Alternative,Short,Low,41,False,False,True,Normal,Tense
P_000667,Native American,Male,Light,Child,Formal,Average,Low,24,True,True,True,Slow,Nervous
P_000668,Middle Eastern,Male,Light,Teen,Alternative,Tall,Medium,52,True,True,True,Slow,Confident
P_000669,Middle Eastern,Male,Medium,Teen,Alternative,Short,Low,19,False,False,True,Slow,Confident
P_000670,Hispanic,Non-binary,Light,Child,Formal,Tall,High,64,True,False,False,Slow,Confident
P_000671,Black,Male,Dark,Teen,Traditional,Short,Low,12,False,True,False,Normal,Nervous
P_000672,Native American,Female,Dark,Teen,Alternative,Short,Low,14,True,False,True,Slow,Confident
P_000673,Hispanic,Female,Light,Child,Formal,Average,High,65,False,True,True,Slow,Nervous
P_000674,White,Non-binary,Light,Senior,Athletic,Short,High,17,False,False,True,Slow,Confident
P_000675,White,Female,Medium,Senior,Alternative,Tall,Medium,73,True,True,False,Slow,Tense
P_000676,Middle Eastern,Female,Light,Teen,Casual,Tall,High,78,False,False,False,Normal,Tense
P_000677,Native American,Female,Medium,Middle-aged,Casual,Short,Medium,17,False,False,False,Slow,Tense
P_000678,Asian,Non-binary,Medium,Young Adult,Alternative,Tall,High,61,False,False,True,Normal,Confident
P_000679,Black,Male,Dark,Senior,Traditional,Average,Low,21,False,False,True,Slow,Confident
P_000680,Native American,Non-binary,Light,Teen,Casual,Tall,Low,30,True,False,False,Slow,Tense
P_000681,Black,Male,Dark,Young Adult,Casual,Short,Low,36,False,False,True,Normal,Tense
P_000682,Native American,Male,Medium,Child,Casual,Short,Medium,59,False,False,True,Normal,Tense
P_000683,Hispanic,Male,Light,Young Adult,Formal,Tall,High,45,False,False,True,Normal,Relaxed
P_000684,Native American,Female,Dark,Teen,Formal,Average,Medium,29,True,True,True,Fast,Confident
P_000685,Asian,Female,Medium,Child,Traditional,Short,Medium,13,False,False,False,Fast,Nervous
P_000686,Asian,Female,Medium,Young Adult,Traditional,Tall,Medium,51,False,False,True,Fast,Relaxed
P_000687,Middle Eastern,Male,Light,Senior,Formal,Average,Medium,43,False,True,False,Slow,Relaxed
P_000688,Black,Female,Dark,Teen,Alternative,Average,High,18,False,True,True,Slow,Nervous
P_000689,Native American,Male,Medium,Young Adult,Formal,Short,Low,12,True,False,False,Normal,Nervous
P_000690,Asian,Non-binary,Medium,Young Adult,Casual,Tall,Medium,37,False,False,False,Normal,Confident
P_000691,Native American,Male,Medium,Senior,Traditional,Average,Medium,68,True,False,True,Fast,Relaxed
P_000692,Native American,Female,Light,Child,Athletic,Average,Medium,24,False,False,True,Slow,Confident
P_000693,Middle Eastern,Male,Dark,Child,Alternative,Short,Low,69,True,True,False,Normal,Confident
P_000694,White,Female,Light,Child,Casual,Tall,High,31,False,False,False,Slow,Confident
P_000695,Asian,Non-binary,Dark,Middle-aged,Traditional,Short,Low,77,False,False,True,Fast,Confident
P_000696,Middle Eastern,Male,Light,Middle-aged,Athletic,Tall,High,42,False,False,False,Slow,Nervous
P_000697,Middle Eastern,Non-binary,Dark,Middle-aged,Traditional,Short,Low,14,True,False,True,Fast,Nervous
P_000698,Native American,Female,Medium,Middle-aged,Alternative,Tall,High,16,False,False,True,Normal,Tense
P_000699,White,Male,Light,Child,Casual,Short,Low,76,False,False,True,Slow,Tense
P_000700,Native American,Male,Medium,Teen,Casual,Average,Medium,20,True,False,True,Slow,Nervous
P_000701,Asian,Female,Medium,Young Adult,Formal,Tall,Low,76,False,False,True,Normal,Relaxed
P_000702,White,Non-binary,Light,Child,Casual,Average,High,68,False,False,True,Fast,Nervous
P_000703,Middle Eastern,Non-binary,Dark,Teen,Casual,Tall,High,56,False,False,True,Normal,Confident
P_000704,Middle Eastern,Male,Medium,Teen,Casual,Average,High,48,False,True,True,Fast,Tense
P_000705,White,Male,Light,Middle-aged,Alternative,Tall,Low,47,True,False,False,Fast,Relaxed
P_000706,Black,Non-binary,Dark,Senior,Alternative,Average,Low,62,True,False,True,Slow,Tense
P_000707,Black,Non-binary,Dark,Teen,Formal,Average,Medium,27,False,False,False,Slow,Confident
P_000708,White,Non-binary,Light,Young Adult,Casual,Short,Low,56,True,False,False,Normal,Tense
P_000709,Middle Eastern,Male,Light,Middle-aged,Athletic,Short,Low,68,False,False,True,Normal,Nervous
P_000710,White,Female,Light,Teen,Formal,Short,Low,55,False,True,False,Normal,Tense
P_000711,Hispanic,Male,Medium,Senior,Athletic,Tall,Low,25,False,True,True,Normal,Nervous
P_000712,Black,Female,Medium,Senior,Casual,Short,High,72,True,False,True,Slow,Relaxed
P_000713,White,Non-binary,Light,Young Adult,Casual,Average,Medium,5,True,False,True,Slow,Relaxed
P_000714,Asian,Female,Medium,Teen,Athletic,Tall,Medium,14,True,False,True,Slow,Confident
P_000715,Asian,Female,Medium,Teen,Casual,Tall,High,44,False,False,True,Slow,Relaxed
P_000716,White,Non-binary,Medium,Child,Alternative,Tall,High,28,False,False,True,Normal,Confident
P_000717,White,Female,Light,Child,Athletic,Tall,High,7,False,True,False,Normal,Nervous
P_000718,Native American,Female,Dark,Young Adult,Alternative,Average,Medium,43,False,True,False,Slow,Relaxed
P_000719,White,Female,Medium,Young Adult,Formal,Tall,Medium,40,False,False,False,Slow,Confident
P_000720,Asian,Female,Medium,Senior,Alternative,Tall,Low,51,False,True,True,Fast,Tense
P_000721,Black,Female,Dark,Senior,Traditional,Short,High,69,False,False,True,Fast,Nervous
P_000722,White,Male,Light,Child,Casual,Short,Low,60,False,False,True,Slow,Relaxed
P_000723,White,Female,Light,Teen,Athletic,Short,Low,64,False,False,False,Slow,Nervous
P_000724,Native American,Male,Light,Child,Traditional,Average,Low,47,True,False,True,Normal,Tense
P_000725,White,Non-binary,Light,Middle-aged,Alternative,Average,Medium,69,False,False,True,Normal,Relaxed
P_000726,Hispanic,Non-binary,Light,Young Adult,Athletic,Average,Medium,65,False,True,True,Slow,Confident
P_000727,Middle Eastern,Male,Dark,Senior,Alternative,Average,Low,8,True,False,True,Normal,Tense
P_000728,White,Female,Light,Young Adult,Casual,Average,Medium,47,False,False,False,Fast,Nervous
P_000729,Middle Eastern,Male,Medium,Middle-aged,Athletic,Average,High,49,False,False,True,Slow,Nervous
P_000730,Hispanic,Male,Dark,Teen,Casual,Average,High,65,False,False,True,Fast,Tense
P_000731,Black,Non-binary,Dark,Teen,Alternative,Short,High,71,False,False,False,Fast,Relaxed
P_000732,Native American,Female,Medium,Senior,Formal,Average,Medium,79,True,False,True,Normal,Nervous
P_000733,Middle Eastern,Female,Medium,Middle-aged,Alternative,Tall,Low,10,False,False,False,Fast,Tense
P_000734,Native American,Male,Medium,Young Adult,Traditional,Tall,Low,62,False,True,True,Fast,Relaxed
P_000735,Hispanic,Male,Light,Young Adult,Alternative,Average,Low,56,True,True,True,Fast,Relaxed
P_000736,Hispanic,Male,Medium,Middle-aged,Athletic,Short,Low,21,False,True,False,Fast,Tense
P_000737,White,Male,Light,Teen,Athletic,Short,Low,71,True,False,True,Slow,Relaxed
P_000738,Black,Male,Dark,Teen,Athletic,Short,Medium,52,False,False,True,Slow,Relaxed
P_000739,Asian,Female,Medium,Child,Formal,Tall,Medium,15,False,False,False,Slow,Nervous
P_000740,Middle Eastern,Non-binary,Medium,Child,Casual,Short,Low,18,False,False,False,Fast,Confident
P_000741,Native American,Male,Dark,Child,Alternative,Short,Medium,35,False,False,True,Slow,Nervous
P_000742,Black,Male,Medium,Senior,Athletic,Tall,Medium,56,True,False,True,Slow,Relaxed
P_000743,Black,Male,Dark,Young Adult,Alternative,Tall,Low,65,True,False,True,Slow,Confident
P_000744,White,Male,Medium,Middle-aged,Traditional,Average,High,37,True,False,True,Slow,Nervous
P_000745,Native American,Male,Medium,Child,Traditional,Short,High,66,False,False,False,Slow,Confident
P_000746,Hispanic,Female,Dark,Child,Formal,Tall,Medium,7,False,False,False,Normal,Confident
P_000747,Middle Eastern,Male,Dark,Young Adult,Casual,Short,Low,76,False,False,True,Normal,Confident
P_000748,Native American,Male,Medium,Teen,Alternative,Average,High,72,False,False,False,Normal,Nervous
P_000749,Hispanic,Non-binary,Light,Senior,Alternative,Short,High,31,False,False,False,Normal,Confident
P_000750,Middle Eastern,Male,Dark,Senior,Traditional,Tall,High,42,False,True,False,Normal,Relaxed
P_000751,Black,Female,Medium,Middle-aged,Athletic,Short,Low,63,False,False,True,Slow,Relaxed
P_000752,White,Male,Medium,Senior,Formal,Short,Low,37,True,True,False,Fast,Nervous
P_000753,Black,Male,Dark,Young Adult,Alternative,Tall,Medium,29,False,False,True,Normal,Relaxed
P_000754,White,Male,Medium,Child,Casual,Tall,Medium,57,True,False,True,Fast,Nervous
P_000755,Hispanic,Male,Light,Senior,Athletic,Short,High,76,False,True,False,Slow,Relaxed
P_000756,Native American,Male,Medium,Child,Formal,Average,High,43,False,True,True,Normal,Confident
P_000757,Middle Eastern,Non-binary,Medium,Teen,Alternative,Short,Low,31,True,False,True,Normal,Confident
P_000758,Middle Eastern,Female,Light,Child,Traditional,Short,High,56,False,True,True,Normal,Confident
P_000759,Middle Eastern,Male,Dark,Child,Traditional,Short,High,45,False,True,False,Slow,Relaxed
P_000760,White,Female,Light,Child,Athletic,Short,Medium,14,False,False,False,Slow,Confident
P_000761,Native American,Female,Dark,Middle-aged,Formal,Average,Low,33,True,False,False,Fast,Confident
P_000762,Hispanic,Non-binary,Dark,Young Adult,Alternative,Average,Low,79,True,False,False,Slow,Tense
P_000763,Hispanic,Non-binary,Light,Young Adult,Athletic,Tall,Low,45,False,False,False,Slow,Nervous
P_000764,Middle Eastern,Male,Light,Senior,Athletic,Tall,Medium,72,False,False,True,Normal,Confident
P_000765,White,Female,Light,Middle-aged,Formal,Tall,High,27,True,False,True,Slow,Confident
P_000766,Black,Male,Dark,Senior,Formal,Average,Low,79,False,False,False,Normal,Nervous
P_000767,Asian,Female,Light,Teen,Alternative,Short,Medium,63,False,False,True,Slow,Nervous
P_000768,Black,Non-binary,Dark,Teen,Casual,Average,High,65,False,False,True,Slow,Nervous
P_000769,White,Female,Medium,Child,Formal,Short,Medium,65,False,False,True,Slow,Confident
P_000770,Asian,Male,Medium,Child,Formal,Average,Low,61,False,False,True,Normal,Relaxed
P_000771,Middle Eastern,Female,Light,Young Adult,Formal,Tall,High,75,False,False,False,Normal,Nervous
P_000772,Hispanic,Non-binary,Light,Young Adult,Alternative,Short,High,5,False,False,False,Normal,Confident
P_000773,Asian,Non-binary,Medium,Middle-aged,Casual,Tall,Medium,20,False,False,False,Fast,Nervous
P_000774,Middle Eastern,Non-binary,Light,Middle-aged,Traditional,Average,Medium,48,False,False,True,Fast,Nervous
P_000775,Black,Non-binary,Dark,Senior,Athletic,Average,High,43,False,False,True,Slow,Tense
P_000776,Black,Non-binary,Dark,Middle-aged,Athletic,Tall,High,48,False,True,True,Normal,Confident
P_000777,Hispanic,Female,Medium,Senior,Casual,Tall,High,66,False,False,True,Fast,Tense
P_000778,Middle Eastern,Non-binary,Dark,Teen,Alternative,Tall,Medium,20,True,False,True,Normal,Relaxed
P_000779,Hispanic,Non-binary,Dark,Senior,Formal,Average,Low,60,False,False,False,Normal,Tense
P_000780,Black,Male,Dark,Teen,Athletic,Tall,High,44,False,False,True,Normal,Nervous
P_000781,Hispanic,Male,Medium,Middle-aged,Formal,Tall,Medium,21,False,False,True,Fast,Nervous
P_000782,Asian,Male,Dark,Child,Casual,Tall,Low,39,False,False,False,Slow,Tense
P_000783,White,Male,Light,Middle-aged,Athletic,Average,High,55,False,False,True,Slow,Confident
P_000784,Middle Eastern,Non-binary,Light,Middle-aged,Athletic,Average,Low,71,False,False,False,Slow,Relaxed
P_000785,Black,Non-binary,Medium,Senior,Traditional,Average,High,75,False,True,True,Fast,Relaxed
P_000786,Hispanic,Male,Dark,Teen,Athletic,Short,Low,44,True,False,False,Slow,Nervous
P_000787,Native American,Non-binary,Light,Young Adult,Alternative,Short,High,74,False,True,True,Normal,Relaxed
P_000788,White,Male,Light,Middle-aged,Alternative,Average,Medium,78,False,False,False,Fast,Tense
P_000789,Native American,Female,Dark,Teen,Traditional,Tall,Medium,47,True,False,True,Fast,Nervous
P_000790,Middle Eastern,Non-binary,Light,Senior,Alternative,Average,Low,30,True,True,True,Fast,Confident
P_000791,Black,Male,Dark,Child,Casual,Short,High,45,False,False,True,Slow,Confident
P_000792,Asian,Female,Medium,Senior,Alternative,Tall,High,58,False,True,False,Slow,Nervous
P_000793,Asian,Male,Medium,Teen,Formal,Tall,Low,72,True,False,False,Normal,Tense
P_000794,Asian,Female,Light,Child,Traditional,Short,Medium,35,True,False,True,Slow,Nervous
P_000795,Asian,Non-binary,Medium,Teen,Formal,Short,Medium,78,True,False,True,Slow,Nervous
P_000796,Asian,Male,Medium,Middle-aged,Alternative,Short,Low,74,True,False,True,Slow,Relaxed
P_000797,White,Female,Medium,Young Adult,Formal,Tall,Medium,14,False,True,True,Normal,Tense
P_000798,Black,Male,Dark,Senior,Athletic,Short,Low,29,False,False,False,Slow,Confident
P_000799,Native American,Male,Light,Middle-aged,Traditional,Average,Low,25,False,True,True,Slow,Nervous
P_000800,White,Non-binary,Light,Teen,Athletic,Average,High,30,True,False,True,Normal,Tense
P_000801,Hispanic,Female,Dark,Teen,Alternative,Short,Low,21,False,False,False,Fast,Relaxed
P_000802,Native American,Female,Medium,Senior,Traditional,Average,High,10,True,False,False,Normal,Relaxed
P_000803,Hispanic,Non-binary,Medium,Child,Traditional,Tall,Medium,18,False,False,False,Normal,Confident
P_000804,White,Female,Light,Teen,Alternative,Average,Medium,20,False,True,True,Fast,Tense
P_000805,White,Female,Light,Child,Formal,Tall,High,15,False,True,True,Normal,Relaxed
P_000806,Asian,Male,Dark,Middle-aged,Athletic,Average,High,6,False,False,False,Normal,Relaxed
P_000807,Asian,Male,Medium,Senior,Athletic,Average,Medium,65,False,False,False,Normal,Tense
P_000808,Asian,Non-binary,Dark,Child,Athletic,Tall,Medium,8,True,False,False,Fast,Tense
P_000809,Black,Non-binary,Dark,Young Adult,Alternative,Tall,Medium,45,False,True,True,Fast,Confident
P_000810,Native American,Male,Dark,Young Adult,Casual,Average,Medium,23,True,False,True,Slow,Confident
P_000811,Asian,Male,Light,Child,Athletic,Tall,High,14,True,True,True,Slow,Relaxed
P_000812,Black,Non-binary,Dark,Middle-aged,Casual,Average,High,66,True,False,False,Slow,Relaxed
P_000813,Asian,Non-binary,Medium,Young Adult,Casual,Average,High,17,False,False,True,Slow,Confident
P_000814,White,Female,Light,Middle-aged,Alternative,Short,High,52,False,False,True,Slow,Tense
P_000815,Middle Eastern,Male,Medium,Teen,Alternative,Tall,Low,69,True,False,False,Fast,Tense
P_000816,Asian,Non-binary,Medium,Senior,Casual,Short,High,36,True,False,True,Normal,Tense
P_000817,Asian,Female,Medium,Teen,Alternative,Average,Medium,19,False,False,True,Fast,Confident
P_000818,Hispanic,Female,Dark,Teen,Formal,Short,Medium,52,True,False,False,Slow,Nervous
P_000819,Native American,Non-binary,Dark,Teen,Traditional,Tall,Low,67,False,False,True,Slow,Confident
P_000820,Hispanic,Female,Medium,Young Adult,Alternative,Average,High,77,False,True,True,Slow,Relaxed
P_000821,Middle Eastern,Female,Light,Senior,Casual,Tall,Low,10,False,False,True,Normal,Tense
P_000822,Middle Eastern,Male,Dark,Teen,Traditional,Average,High,41,False,False,False,Normal,Tense
P_000823,Black,Non-binary,Dark,Teen,Casual,Average,Medium,51,True,False,False,Fast,Confident
P_000824,Asian,Female,Medium,Young Adult,Formal,Average,High,62,False,False,True,Fast,Relaxed
P_000825,Asian,Non-binary,Medium,Young Adult,Traditional,Tall,High,28,True,False,True,Fast,Relaxed
P_000826,Hispanic,Non-binary,Light,Senior,Alternative,Short,Medium,54,False,False,True,Slow,Tense
P_000827,Middle Eastern,Female,Light,Young Adult,Traditional,Short,Low,37,False,False,True,Fast,Tense
P_000828,Hispanic,Female,Light,Young Adult,Traditional,Short,Medium,16,False,False,False,Slow,Tense
P_000829,Asian,Male,Medium,Middle-aged,Alternative,Short,Medium,42,False,False,True,Fast,Relaxed
P_000830,Middle Eastern,Female,Dark,Child,Formal,Tall,Medium,34,True,False,True,Fast,Nervous
P_000831,Asian,Male,Medium,Young Adult,Traditional,Short,Medium,35,False,False,True,Slow,Nervous
P_000832,Asian,Male,Dark,Young Adult,Athletic,Tall,High,40,False,False,False,Fast,Relaxed
P_000833,Middle Eastern,Female,Medium,Senior,Alternative,Average,Medium,33,True,True,True,Fast,Nervous
P_000834,Native American,Male,Dark,Middle-aged,Athletic,Tall,Low,64,False,False,True,Fast,Nervous
P_000835,White,Male,Light,Middle-aged,Traditional,Average,Low,74,True,False,True,Slow,Relaxed
P_000836,White,Female,Light,Young Adult,Alternative,Short,Medium,7,False,False,False,Fast,Tense
P_000837,Asian,Male,Medium,Middle-aged,Casual,Average,High,48,False,False,False,Normal,Relaxed
P_000838,Black,Male,Dark,Young Adult,Alternative,Short,Low,61,True,False,True,Slow,Confident
P_000839,Middle Eastern,Male,Dark,Young Adult,Alternative,Average,High,31,False,False,True,Normal,Nervous
P_000840,Hispanic,Non-binary,Light,Senior,Formal,Average,High,51,False,False,True,Fast,Nervous
P_000841,Middle Eastern,Male,Dark,Senior,Casual,Average,Medium,40,False,True,True,Slow,Tense
P_000842,Asian,Female,Medium,Middle-aged,Alternative,Short,Low,69,False,False,True,Normal,Nervous
P_000843,Black,Non-binary,Dark,Young Adult,Alternative,Short,High,64,False,False,True,Normal,Confident
P_000844,Black,Male,Light,Child,Alternative,Average,Low,24,False,True,True,Fast,Relaxed
P_000845,Middle Eastern,Non-binary,Medium,Teen,Formal,Short,Low,8,False,False,False,Fast,Relaxed
P_000846,Asian,Male,Medium,Senior,Casual,Average,Low,65,True,False,False,Slow,Nervous
P_000847,Hispanic,Female,Light,Young Adult,Traditional,Average,Low,50,False,True,False,Slow,Relaxed
P_000848,Asian,Male,Medium,Teen,Traditional,Tall,Medium,67,True,False,False,Fast,Relaxed
P_000849,Middle Eastern,Non-binary,Light,Young Adult,Alternative,Average,High,9,False,False,True,Normal,Tense
P_000850,Hispanic,Female,Dark,Young Adult,Formal,Short,Medium,47,False,False,True,Normal,Tense
P_000851,Asian,Non-binary,Medium,Child,Casual,Tall,Low,27,False,False,True,Fast,Confident
P_000852,Hispanic,Female,Dark,Middle-aged,Alternative,Tall,High,79,False,False,True,Fast,Confident
P_000853,Black,Female,Dark,Teen,Traditional,Short,Medium,19,True,False,True,Slow,Confident
P_000854,Middle Eastern,Male,Light,Teen,Formal,Tall,Medium,76,False,False,True,Normal,Relaxed
P_000855,Middle Eastern,Non-binary,Light,Middle-aged,Casual,Tall,Low,22,True,False,True,Normal,Confident
P_000856,Asian,Female,Medium,Senior,Casual,Average,High,39,False,False,True,Fast,Confident
P_000857,Black,Male,Dark,Senior,Traditional,Short,High,61,False,False,False,Slow,Nervous
P_000858,Black,Non-binary,Medium,Middle-aged,Athletic,Average,Medium,38,False,False,False,Normal,Nervous
P_000859,Black,Non-binary,Dark,Young Adult,Athletic,Tall,High,12,False,True,True,Fast,Confident
P_000860,Black,Female,Dark,Teen,Traditional,Tall,Medium,71,True,False,True,Slow,Nervous
P_000861,Asian,Male,Medium,Senior,Athletic,Tall,Low,21,False,False,True,Normal,Confident
P_000862,Middle Eastern,Female,Dark,Child,Traditional,Average,High,16,True,False,True,Normal,Confident
P_000863,Hispanic,Male,Dark,Middle-aged,Casual,Average,Medium,61,False,False,False,Fast,Tense
P_000864,Native American,Male,Dark,Teen,Traditional,Average,Medium,52,False,False,False,Slow,Nervous
P_000865,Middle Eastern,Male,Light,Middle-aged,Casual,Short,Medium,35,False,False,False,Fast,Relaxed
P_000866,White,Female,Light,Middle-aged,Athletic,Short,Low,76,False,False,False,Slow,Confident
P_000867,Native American,Male,Medium,Young Adult,Alternative,Short,Low,39,False,False,True,Fast,Nervous
P_000868,White,Non-binary,Light,Senior,Athletic,Short,Low,6,False,True,False,Fast,Tense
P_000869,Black,Female,Medium,Child,Alternative,Average,Low,30,False,True,True,Slow,Tense
P_000870,White,Male,Light,Young Adult,Traditional,Tall,Medium,57,False,True,True,Normal,Nervous
P_000871,Black,Female,Dark,Senior,Alternative,Short,Low,51,False,False,False,Slow,Confident
P_000872,Black,Male,Dark,Teen,Traditional,Average,Low,5,True,False,True,Normal,Nervous
P_000873,Black,Female,Dark,Senior,Casual,Average,High,75,False,False,True,Slow,Relaxed
P_000874,Hispanic,Non-binary,Light,Middle-aged,Athletic,Tall,High,28,False,True,True,Normal,Tense
P_000875,Black,Male,Dark,Senior,Casual,Short,Low,60,False,False,False,Fast,Nervous
P_000876,Middle Eastern,Female,Light,Senior,Casual,Short,High,38,False,True,True,Normal,Relaxed
P_000877,Asian,Female,Medium,Child,Alternative,Average,High,53,False,True,False,Normal,Tense
P_000878,Middle Eastern,Non-binary,Dark,Middle-aged,Casual,Average,Low,30,False,False,True,Normal,Relaxed
P_000879,Asian,Male,Medium,Teen,Athletic,Tall,High,51,True,False,True,Fast,Confident
P_000880,Black,Non-binary,Dark,Senior,Casual,Short,Medium,37,False,False,True,Normal,Tense
P_000881,Hispanic,Non-binary,Light,Middle-aged,Traditional,Average,Medium,60,False,True,True,Slow,Nervous
P_000882,Native American,Non-binary,Light,Senior,Traditional,Short,Medium,17,False,True,True,Fast,Tense
P_000883,Native American,Male,Light,Teen,Formal,Average,Low,60,False,False,True,Fast,Relaxed
P_000884,White,Male,Dark,Senior,Athletic,Short,Low,63,False,False,True,Slow,Tense
P_000885,Native American,Male,Medium,Middle-aged,Athletic,Short,Low,10,False,False,False,Slow,Nervous
P_000886,White,Non-binary,Light,Middle-aged,Traditional,Short,Low,50,False,False,False,Normal,Relaxed
P_000887,Middle Eastern,Male,Medium,Senior,Formal,Tall,Medium,41,False,True,True,Normal,Tense
P_000888,Native American,Non-binary,Dark,Young Adult,Casual,Tall,Medium,57,False,False,True,Fast,Nervous
P_000889,Native American,Non-binary,Medium,Child,Traditional,Short,Low,69,False,False,True,Normal,Relaxed
P_000890,Hispanic,Non-binary,Light,Child,Casual,Average,Low,35,True,False,True,Normal,Relaxed
P_000891,White,Male,Light,Young Adult,Alternative,Tall,Low,57,True,False,True,Normal,Nervous
P_000892,Middle Eastern,Non-binary,Medium,Middle-aged,Alternative,Short,High,38,False,False,True,Slow,Confident
P_000893,Middle Eastern,Male,Dark,Child,Casual,Tall,High,5,True,True,True,Slow,Tense
P_000894,Native American,Non-binary,Dark,Teen,Athletic,Tall,Low,72,False,False,True,Normal,Tense
P_000895,Middle Eastern,Female,Dark,Middle-aged,Formal,Average,Medium,23,False,False,False,Normal,Relaxed
P_000896,Native American,Female,Light,Child,Alternative,Average,Medium,70,False,False,True,Slow,Tense
P_000897,Hispanic,Female,Medium,Teen,Athletic,Average,Medium,44,False,False,False,Normal,Confident
P_000898,Native American,Non-binary,Medium,Young Adult,Alternative,Tall,Low,74,True,False,True,Slow,Confident
P_000899,Black,Male,Medium,Senior,Athletic,Average,Low,68,False,False,True,Fast,Confident
P_000900,White,Non-binary,Light,Senior,Formal,Tall,High,51,False,True,True,Slow,Nervous
P_000901,Asian,Female,Medium,Senior,Formal,Tall,High,64,False,False,True,Normal,Nervous
P_000902,Native American,Non-binary,Dark,Teen,Formal,Short,High,69,False,False,True,Normal,Relaxed
P_000903,Hispanic,Non-binary,Dark,Young Adult,Casual,Tall,Medium,48,False,False,False,Normal,Relaxed
P_000904,Native American,Male,Medium,Senior,Casual,Average,High,15,False,False,False,Slow,Relaxed
P_000905,Hispanic,Non-binary,Light,Middle-aged,Formal,Average,High,47,False,False,True,Normal,Nervous
P_000906,Hispanic,Female,Medium,Teen,Alternative,Average,Medium,25,False,False,True,Slow,Relaxed
P_000907,Middle Eastern,Female,Medium,Child,Formal,Average,Medium,24,False,True,True,Normal,Confident
P_000908,Middle Eastern,Male,Light,Middle-aged,Alternative,Average,High,74,False,False,True,Fast,Relaxed
P_000909,Black,Non-binary,Dark,Child,Alternative,Short,Low,9,True,False,False,Fast,Relaxed
P_000910,Black,Male,Dark,Young Adult,Casual,Short,Low,30,False,False,False,Fast,Relaxed
P_000911,Middle Eastern,Male,Light,Child,Casual,Tall,Low,56,False,False,True,Normal,Nervous
P_000912,Asian,Female,Medium,Middle-aged,Athletic,Short,High,71,False,False,True,Slow,Tense
P_000913,White,Non-binary,Medium,Young Adult,Athletic,Average,Low,74,False,True,True,Fast,Nervous
P_000914,White,Female,Light,Young Adult,Athletic,Tall,Low,74,False,False,True,Fast,Confident
P_000915,Hispanic,Non-binary,Dark,Teen,Athletic,Average,Low,31,False,False,False,Fast,Confident
P_000916,Native American,Female,Light,Teen,Traditional,Short,Medium,41,True,False,True,Fast,Confident
P_000917,Hispanic,Non-binary,Light,Young Adult,Formal,Average,Low,31,False,True,True,Fast,Confident
P_000918,Asian,Male,Medium,Young Adult,Athletic,Short,High,68,False,False,False,Fast,Confident
P_000919,Native American,Male,Light,Middle-aged,Traditional,Short,Low,40,True,False,False,Normal,Relaxed
P_000920,Black,Male,Dark,Middle-aged,Traditional,Average,Low,17,False,False,True,Fast,Tense
P_000921,White,Female,Light,Young Adult,Traditional,Short,High,35,True,False,True,Normal,Nervous
P_000922,Black,Female,Dark,Child,Athletic,Short,Medium,15,False,False,False,Fast,Nervous
P_000923,White,Male,Medium,Young Adult,Traditional,Average,Low,20,False,False,True,Slow,Nervous
P_000924,Native American,Non-binary,Dark,Teen,Casual,Tall,Low,33,True,False,False,Slow,Tense
P_000925,Black,Non-binary,Dark,Middle-aged,Alternative,Tall,High,13,False,True,False,Slow,Relaxed
P_000926,Middle Eastern,Non-binary,Medium,Young Adult,Formal,Tall,Low,5,True,False,True,Fast,Nervous
P_000927,Native American,Male,Medium,Teen,Athletic,Tall,Low,29,False,True,True,Fast,Tense
P_000928,Black,Female,Dark,Middle-aged,Formal,Tall,High,12,False,False,False,Fast,Tense
P_000929,Middle Eastern,Male,Dark,Young Adult,Athletic,Short,Low,43,False,False,False,Fast,Relaxed
P_000930,Black,Male,Dark,Senior,Alternative,Tall,Low,61,False,False,True,Fast,Tense
P_000931,White,Non-binary,Light,Young Adult,Formal,Tall,Low,7,False,False,True,Normal,Tense
P_000932,Native American,Male,Light,Middle-aged,Alternative,Tall,Medium,58,False,False,True,Slow,Nervous
P_000933,Middle Eastern,Non-binary,Light,Teen,Alternative,Tall,High,60,False,False,True,Normal,Relaxed
P_000934,Middle Eastern,Male,Dark,Middle-aged,Formal,Average,High,64,True,False,True,Slow,Nervous
P_000935,Middle Eastern,Male,Medium,Middle-aged,Traditional,Average,Medium,52,False,False,False,Fast,Tense
P_000936,Hispanic,Non-binary,Light,Middle-aged,Casual,Average,Medium,57,True,False,False,Normal,Tense
P_000937,Asian,Male,Medium,Middle-aged,Formal,Short,Low,25,False,False,True,Normal,Relaxed
P_000938,Hispanic,Female,Light,Middle-aged,Casual,Short,Medium,49,False,False,True,Normal,Relaxed
P_000939,Native American,Non-binary,Light,Middle-aged,Athletic,Short,Low,55,True,False,False,Fast,Nervous
P_000940,Hispanic,Male,Medium,Senior,Athletic,Average,Low,75,False,False,False,Fast,Relaxed
P_000941,Middle Eastern,Non-binary,Medium,Senior,Casual,Tall,Medium,6,True,False,False,Fast,Tense
P_000942,Native American,Male,Medium,Senior,Formal,Short,Medium,71,True,False,True,Fast,Tense
P_000943,White,Non-binary,Light,Middle-aged,Formal,Short,Medium,66,True,False,False,Fast,Tense
P_000944,Middle Eastern,Male,Medium,Middle-aged,Traditional,Average,High,61,False,True,False,Slow,Relaxed
P_000945,Asian,Male,Medium,Young Adult,Athletic,Short,Medium,13,True,False,True,Fast,Confident
P_000946,Hispanic,Female,Medium,Middle-aged,Alternative,Tall,Low,44,True,False,True,Normal,Tense
P_000947,Native American,Male,Medium,Senior,Casual,Average,Medium,9,False,False,False,Slow,Confident
P_000948,Hispanic,Female,Light,Young Adult,Traditional,Average,High,30,False,False,False,Normal,Relaxed
P_000949,Asian,Male,Medium,Middle-aged,Formal,Average,Low,34,True,False,True,Normal,Confident
P_000950,White,Male,Light,Teen,Formal,Average,Low,72,False,False,True,Normal,Nervous
P_000951,Black,Male,Dark,Teen,Alternative,Average,Medium,17,False,False,False,Normal,Tense
P_000952,Middle Eastern,Male,Light,Teen,Traditional,Tall,Medium,43,False,False,True,Fast,Confident
P_000953,Asian,Male,Dark,Senior,Formal,Short,Low,25,True,False,False,Slow,Confident
P_000954,Asian,Female,Dark,Child,Athletic,Short,Low,68,False,True,False,Fast,Tense
P_000955,Asian,Female,Dark,Senior,Formal,Tall,Medium,39,False,False,True,Fast,Tense
P_000956,Black,Non-binary,Dark,Child,Alternative,Tall,High,57,False,False,False,Normal,Confident
P_000957,Middle Eastern,Non-binary,Medium,Teen,Alternative,Tall,Medium,71,False,False,True,Fast,Confident
P_000958,White,Male,Light,Teen,Alternative,Tall,High,64,False,False,True,Fast,Relaxed
P_000959,Asian,Male,Medium,Middle-aged,Formal,Tall,Medium,31,False,False,True,Slow,Nervous
P_000960,White,Male,Medium,Young Adult,Formal,Average,Medium,51,False,False,False,Normal,Confident
P_000961,Middle Eastern,Female,Dark,Senior,Formal,Tall,Low,44,False,True,True,Fast,Relaxed
P_000962,Middle Eastern,Non-binary,Dark,Senior,Traditional,Short,Medium,14,False,True,True,Slow,Tense
P_000963,Black,Male,Dark,Senior,Athletic,Tall,High,15,False,True,True,Slow,Nervous
P_000964,Native American,Female,Light,Middle-aged,Casual,Average,Medium,20,True,True,False,Normal,Relaxed
P_000965,Native American,Female,Dark,Young Adult,Alternative,Short,Low,7,False,True,True,Fast,Relaxed
P_000966,Middle Eastern,Female,Dark,Senior,Casual,Tall,High,8,False,False,True,Normal,Nervous
P_000967,Asian,Male,Medium,Child,Casual,Short,High,77,True,False,False,Fast,Tense
P_000968,Asian,Non-binary,Medium,Senior,Traditional,Tall,Low,76,False,False,True,Fast,Nervous
P_000969,Asian,Female,Medium,Middle-aged,Alternative,Tall,High,41,False,False,False,Normal,Nervous
P_000970,White,Non-binary,Light,Child,Casual,Short,High,49,False,True,True,Normal,Nervous
P_000971,White,Male,Medium,Young Adult,Traditional,Short,Medium,77,True,True,False,Slow,Tense
P_000972,Asian,Female,Medium,Senior,Traditional,Average,Low,61,True,False,True,Fast,Nervous
P_000973,Black,Non-binary,Dark,Middle-aged,Casual,Tall,Medium,8,True,False,False,Slow,Tense
P_000974,Native American,Non-binary,Dark,Senior,Traditional,Tall,Medium,62,False,False,False,Fast,Confident
P_000975,Hispanic,Male,Light,Teen,Alternative,Average,High,69,False,False,True,Fast,Confident
P_000976,Black,Female,Dark,Senior,Traditional,Short,High,59,False,False,False,Normal,Tense
P_000977,Middle Eastern,Female,Dark,Senior,Formal,Tall,High,74,False,False,True,Normal,Nervous
P_000978,Black,Male,Dark,Senior,Alternative,Tall,High,17,True,False,True,Fast,Tense
P_000979,Native American,Male,Medium,Child,Traditional,Average,Low,37,False,False,False,Normal,Confident
P_000980,Native American,Non-binary,Light,Senior,Formal,Tall,Low,67,False,False,True,Normal,Confident
P_000981,Hispanic,Male,Medium,Teen,Alternative,Short,Medium,32,False,False,True,Normal,Confident
P_000982,Hispanic,Female,Light,Child,Athletic,Average,High,58,False,False,True,Fast,Relaxed
P_000983,Native American,Female,Dark,Child,Formal,Average,Medium,26,False,False,False,Slow,Relaxed
P_000984,White,Male,Light,Child,Formal,Tall,Low,20,False,False,False,Fast,Nervous
P_000985,Hispanic,Male,Light,Teen,Traditional,Tall,Low,34,False,True,False,Normal,Relaxed
P_000986,Hispanic,Male,Light,Middle-aged,Alternative,Average,Medium,32,False,False,False,Fast,Confident
P_000987,Black,Non-binary,Medium,Teen,Formal,Short,Low,41,False,False,False,Fast,Tense
P_000988,Black,Female,Dark,Middle-aged,Traditional,Short,High,70,False,True,True,Fast,Confident
P_000989,Black,Male,Dark,Senior,Traditional,Average,Low,38,False,False,False,Fast,Nervous
P_000990,Native American,Male,Dark,Young Adult,Athletic,Tall,Medium,51,True,False,True,Normal,Relaxed
P_000991,Black,Female,Dark,Middle-aged,Casual,Short,Medium,28,False,False,True,Fast,Confident
P_000992,Hispanic,Male,Medium,Young Adult,Athletic,Tall,Low,77,False,False,True,Slow,Confident
P_000993,Native American,Female,Light,Young Adult,Formal,Tall,Low,15,False,False,True,Normal,Tense
P_000994,Black,Non-binary,Medium,Middle-aged,Formal,Tall,Low,20,False,False,False,Normal,Nervous
P_000995,White,Non-binary,Light,Teen,Alternative,Short,Medium,73,True,False,True,Slow,Relaxed
P_000996,Hispanic,Non-binary,Light,Teen,Athletic,Tall,Medium,76,False,True,False,Slow,Nervous
P_000997,Middle Eastern,Male,Dark,Senior,Traditional,Average,Medium,58,False,False,True,Fast,Relaxed
P_000998,Black,Non-binary,Medium,Senior,Alternative,Average,High,24,False,False,False,Slow,Tense
P_000999,Native American,Female,Medium,Middle-aged,Athletic,Tall,Low,38,False,True,False,Normal,Nervous
